,Source_airport,Destination_airport
0,AAE,9
1,AAL,20
2,AAN,2
3,AAQ,3
4,AAR,8
5,AAT,2
6,AAX,1
7,AAY,1
8,ABA,4
9,ABB,2
10,ABD,6
11,ABE,13
12,ABI,2
13,ABJ,49
14,ABL,4
15,ABM,1
16,ABQ,42
17,ABR,1
18,ABS,1
19,ABT,3
20,ABV,30
21,ABX,4
22,ABY,4
23,ABZ,41
24,ACA,8
25,ACC,54
26,ACE,116
27,ACH,2
28,ACI,2
29,ACK,6
30,ACR,2
31,ACT,2
32,ACU,1
33,ACV,3
34,ACX,6
35,ACY,10
36,ACZ,1
37,ADA,17
38,ADB,66
39,ADD,105
40,ADE,23
41,ADF,2
42,ADK,1
43,ADL,51
44,ADQ,11
45,ADU,3
46,ADZ,11
47,AEB,3
48,AEP,65
49,AER,26
50,AES,13
51,AET,3
52,AEX,6
53,AEY,1
54,AFA,2
55,AFL,1
56,AFZ,1
57,AGA,28
58,AGB,1
59,AGF,2
60,AGH,3
61,AGM,5
62,AGN,1
63,AGP,206
64,AGR,2
65,AGS,7
66,AGT,4
67,AGU,9
68,AGX,1
69,AHB,15
70,AHE,2
71,AHN,1
72,AHO,31
73,AHU,1
74,AIA,3
75,AIN,2
76,AIT,3
77,AIU,1
78,AJA,39
79,AJF,2
80,AJI,2
81,AJL,6
82,AJR,2
83,AJU,13
84,AKB,1
85,AKF,3
86,AKI,3
87,AKJ,7
88,AKK,1
89,AKL,96
90,AKN,7
91,AKP,3
92,AKU,6
93,AKV,2
94,AKX,7
95,AKY,3
96,ALA,67
97,ALB,31
98,ALC,157
99,ALF,10
100,ALG,88
101,ALH,3
102,ALO,2
103,ALS,6
104,ALW,1
105,AMA,10
106,AMD,35
107,AMH,1
108,AMM,111
109,AMQ,14
110,AMS,453
111,ANC,59
112,ANF,11
113,ANG,1
114,ANI,12
115,ANM,3
116,ANR,2
117,ANS,1
118,ANU,35
119,ANV,3
120,ANX,3
121,AOE,1
122,AOG,3
123,AOI,10
124,AOJ,5
125,AOK,6
126,AOO,2
127,AOQ,1
128,AOR,5
129,AOS,1
130,APF,1
131,APL,9
132,APN,2
133,APO,4
134,APW,5
135,AQA,1
136,AQG,7
137,AQI,2
138,AQJ,2
139,AQP,10
140,ARC,1
141,ARH,9
142,ARI,5
143,ARK,1
144,ARM,2
145,ARN,218
146,ART,4
147,ARU,2
148,ARW,1
149,ASB,15
150,ASE,2
151,ASF,8
152,ASJ,2
153,ASM,7
154,ASO,1
155,ASP,11
156,ASR,7
157,ASU,18
158,ASV,2
159,ASW,4
160,ATA,1
161,ATC,3
162,ATD,1
163,ATH,197
164,ATK,2
165,ATL,915
166,ATM,4
167,ATQ,9
168,ATT,2
169,ATW,9
170,ATY,3
171,ATZ,6
172,AUA,44
173,AUC,2
174,AUG,1
175,AUH,241
176,AUK,2
177,AUQ,4
178,AUR,1
179,AUS,83
180,AUU,2
181,AUX,4
182,AUY,1
183,AVA,4
184,AVL,12
185,AVN,2
186,AVP,9
187,AVV,1
188,AWD,2
189,AWZ,24
190,AXA,6
191,AXD,3
192,AXK,1
193,AXM,2
194,AXP,2
195,AXR,1
196,AXT,8
197,AXU,2
198,AYP,2
199,AYQ,4
200,AYT,127
201,AZA,32
202,AZD,7
203,AZI,4
204,AZN,3
205,AZO,6
206,AZR,6
207,AZS,6
208,BAH,84
209,BAL,3
210,BAQ,10
211,BAV,29
212,BAX,3
213,BAY,2
214,BAZ,1
215,BBA,4
216,BBI,9
217,BBK,4
218,BBN,2
219,BBO,7
220,BCD,6
221,BCI,1
222,BCN,391
223,BCV,5
224,BDA,15
225,BDB,2
226,BDH,2
227,BDJ,15
228,BDL,51
229,BDO,21
230,BDP,1
231,BDQ,5
232,BDS,22
233,BDU,1
234,BEB,2
235,BEG,86
236,BEJ,3
237,BEL,36
238,BEN,25
239,BES,17
240,BET,29
241,BEU,2
242,BEW,7
243,BEY,67
244,BFD,2
245,BFF,1
246,BFI,2
247,BFJ,8
248,BFL,6
249,BFN,4
250,BFQ,1
251,BFS,36
252,BFV,1
253,BGA,5
254,BGF,3
255,BGG,2
256,BGI,23
257,BGM,4
258,BGO,69
259,BGR,8
260,BGW,14
261,BGY,81
262,BHB,1
263,BHD,21
264,BHE,3
265,BHH,3
266,BHI,4
267,BHJ,2
268,BHK,6
269,BHM,36
270,BHO,6
271,BHQ,4
272,BHR,1
273,BHS,2
274,BHU,2
275,BHV,5
276,BHX,133
277,BHY,20
278,BIA,36
279,BIK,4
280,BIL,12
281,BIM,2
282,BIO,65
283,BIQ,14
284,BIR,1
285,BIS,6
286,BJA,6
287,BJB,1
288,BJF,5
289,BJI,1
290,BJL,13
291,BJM,13
292,BJR,2
293,BJV,31
294,BJX,14
295,BJZ,2
296,BKC,4
297,BKG,4
298,BKI,52
299,BKK,326
300,BKM,1
301,BKO,28
302,BKQ,1
303,BKS,5
304,BKW,2
305,BKY,2
306,BKZ,1
307,BLA,11
308,BLD,1
309,BLE,2
310,BLI,10
311,BLJ,4
312,BLK,9
313,BLL,47
314,BLQ,88
315,BLR,97
316,BLV,1
317,BLZ,5
318,BMA,27
319,BME,12
320,BMI,12
321,BMU,3
322,BMV,7
323,BMW,1
324,BMY,2
325,BNA,82
326,BNB,1
327,BNC,2
328,BND,19
329,BNE,152
330,BNI,2
331,BNK,5
332,BNN,5
333,BNS,2
334,BNX,3
335,BNY,2
336,BOB,7
337,BOC,2
338,BOD,67
339,BOG,152
340,BOH,19
341,BOI,21
342,BOJ,12
343,BOM,227
344,BON,10
345,BOO,18
346,BOS,211
347,BOY,2
348,BPL,1
349,BPN,36
350,BPS,11
351,BPT,2
352,BPX,3
353,BQB,3
354,BQK,3
355,BQL,2
356,BQN,4
357,BQS,5
358,BRA,6
359,BRC,7
360,BRD,2
361,BRE,50
362,BRI,50
363,BRL,2
364,BRM,5
365,BRN,12
366,BRO,3
367,BRQ,1
368,BRR,1
369,BRS,100
370,BRU,316
371,BRW,7
372,BSA,4
373,BSB,98
374,BSC,1
375,BSD,2
376,BSG,2
377,BSK,4
378,BSL,95
379,BSO,2
380,BSR,8
381,BTC,1
382,BTH,27
383,BTI,2
384,BTJ,5
385,BTK,4
386,BTM,1
387,BTR,8
388,BTS,20
389,BTT,5
390,BTU,7
391,BTV,13
392,BUA,4
393,BUC,2
394,BUD,98
395,BUF,36
396,BUL,1
397,BUN,2
398,BUQ,4
399,BUR,18
400,BUS,6
401,BUW,1
402,BUX,3
403,BUZ,5
404,BVA,60
405,BVB,3
406,BVC,12
407,BVE,5
408,BVG,4
409,BVH,1
410,BVI,2
411,BVV,1
412,BWA,1
413,BWI,142
414,BWK,1
415,BWN,23
416,BWT,3
417,BXB,1
418,BXR,1
419,BXU,4
420,BYC,4
421,BYN,2
422,BYO,1
423,BZE,28
424,BZG,3
425,BZL,1
426,BZN,8
427,BZO,2
428,BZR,9
429,BZV,25
430,CAB,3
431,CAC,3
432,CAE,17
433,CAG,43
434,CAH,1
435,CAI,151
436,CAJ,1
437,CAK,22
438,CAL,1
439,CAN,338
440,CAP,3
441,CAW,4
442,CAY,7
443,CBB,8
444,CBH,1
445,CBO,3
446,CBQ,2
447,CBR,13
448,CBS,1
449,CBT,2
450,CCC,6
451,CCF,10
452,CCJ,31
453,CCK,1
454,CCM,2
455,CCP,6
456,CCS,90
457,CCU,97
458,CCV,3
459,CDB,5
460,CDC,1
461,CDG,524
462,CDJ,1
463,CDR,3
464,CDV,3
465,CEB,49
466,CEC,2
467,CED,1
468,CEE,7
469,CEG,2
470,CEI,11
471,CEK,20
472,CEM,1
473,CEN,5
474,CEZ,1
475,CFB,3
476,CFC,2
477,CFE,9
478,CFK,1
479,CFN,2
480,CFR,4
481,CFS,4
482,CFU,50
483,CGA,5
484,CGB,33
485,CGD,8
486,CGH,47
487,CGI,1
488,CGK,185
489,CGM,1
490,CGN,134
491,CGO,174
492,CGP,16
493,CGQ,64
494,CGR,17
495,CGY,7
496,CHA,16
497,CHC,34
498,CHG,3
499,CHO,13
500,CHQ,44
501,CHS,34
502,CHU,1
503,CHX,1
504,CHY,1
505,CIA,50
506,CIC,1
507,CID,17
508,CIF,15
509,CIH,16
510,CIJ,2
511,CIK,2
512,CIP,1
513,CIT,10
514,CIU,1
515,CIX,1
516,CIY,8
517,CIZ,1
518,CJA,2
519,CJB,17
520,CJC,6
521,CJJ,9
522,CJL,2
523,CJM,1
524,CJS,12
525,CJU,59
526,CKB,3
527,CKD,2
528,CKG,270
529,CKH,2
530,CKS,4
531,CKX,1
532,CKY,18
533,CKZ,1
534,CLD,1
535,CLE,81
536,CLJ,21
537,CLL,3
538,CLM,1
539,CLO,30
540,CLQ,3
541,CLT,301
542,CLV,2
543,CLY,20
544,CMA,2
545,CMB,101
546,CME,3
547,CMG,1
548,CMH,63
549,CMI,4
550,CMN,125
551,CMU,1
552,CMW,3
553,CMX,1
554,CND,1
555,CNF,55
556,CNJ,5
557,CNM,1
558,CNP,2
559,CNS,56
560,CNX,48
561,CNY,1
562,COD,2
563,COK,59
564,COO,41
565,COQ,4
566,COR,13
567,COS,13
568,COU,4
569,CPC,1
570,CPD,1
571,CPE,2
572,CPH,229
573,CPO,4
574,CPR,3
575,CPT,44
576,CPV,2
577,CPX,1
578,CRA,2
579,CRD,6
580,CRI,2
581,CRK,13
582,CRL,84
583,CRM,2
584,CRP,5
585,CRW,6
586,CSG,3
587,CSH,1
588,CSK,1
589,CSX,189
590,CSY,2
591,CTA,115
592,CTC,1
593,CTG,12
594,CTL,4
595,CTM,1
596,CTS,81
597,CTU,324
598,CUC,4
599,CUE,3
600,CUF,5
601,CUK,6
602,CUL,16
603,CUM,1
604,CUN,157
605,CUQ,1
606,CUR,31
607,CUU,16
608,CUZ,11
609,CVG,75
610,CVM,2
611,CVU,2
612,CWA,5
613,CWB,43
614,CWL,32
615,CXB,3
616,CXF,1
617,CXH,1
618,CXI,4
619,CXJ,3
620,CXR,7
621,CYB,2
622,CYF,3
623,CYO,3
624,CYP,1
625,CYS,6
626,CYX,2
627,CYZ,1
628,CZE,1
629,CZH,3
630,CZL,16
631,CZM,16
632,CZS,1
633,CZU,2
634,CZX,37
635,DAB,5
636,DAC,74
637,DAD,33
638,DAL,39
639,DAR,35
640,DAT,11
641,DAU,4
642,DAV,2
643,DAX,9
644,DAY,32
645,DBA,1
646,DBO,3
647,DBQ,2
648,DBV,60
649,DCA,196
650,DCM,3
651,DCN,2
652,DCY,4
653,DDC,6
654,DDG,5
655,DEA,2
656,DEB,2
657,DEC,2
658,DED,5
659,DEE,1
660,DEF,1
661,DEL,264
662,DEN,361
663,DFW,469
664,DGA,7
665,DGO,5
666,DGT,4
667,DHB,2
668,DHI,1
669,DHM,2
670,DHN,3
671,DIB,6
672,DIE,5
673,DIG,7
674,DIJ,1
675,DIK,2
676,DIL,4
677,DIN,1
678,DIR,3
679,DIU,2
680,DIW,1
681,DIY,7
682,DJB,6
683,DJE,37
684,DJG,2
685,DJJ,17
686,DKR,67
687,DLA,51
688,DLC,142
689,DLE,3
690,DLG,3
691,DLH,4
692,DLI,5
693,DLM,57
694,DLU,7
695,DLY,2
696,DMB,4
697,DMD,3
698,DME,324
699,DMK,67
700,DMM,82
701,DMU,2
702,DND,1
703,DNH,7
704,DNK,14
705,DNR,3
706,DNZ,2
707,DOB,1
708,DOH,189
709,DOK,15
710,DOL,2
711,DOM,17
712,DOU,3
713,DOY,6
714,DPL,4
715,DPO,1
716,DPS,100
717,DQA,5
718,DRG,4
719,DRK,3
720,DRO,5
721,DRS,22
722,DRV,2
723,DRW,46
724,DSA,9
725,DSK,2
726,DSM,29
727,DSN,25
728,DTM,33
729,DTW,216
730,DUB,207
731,DUD,4
732,DUJ,2
733,DUR,21
734,DUS,285
735,DUT,3
736,DVO,14
737,DWC,48
738,DWD,2
739,DXB,356
740,DYG,21
741,DYR,2
742,DYU,52
743,DZA,15
744,DZN,2
745,EAE,1
746,EAM,3
747,EAR,1
748,EAS,3
749,EAT,1
750,EAU,1
751,EBA,5
752,EBB,34
753,EBH,1
754,EBJ,2
755,EBL,30
756,EBU,5
757,ECN,14
758,ECP,7
759,EDA,1
760,EDI,119
761,EDL,3
762,EDO,1
763,EDR,2
764,EEK,3
765,EFL,6
766,EGC,11
767,EGE,1
768,EGM,4
769,EGN,2
770,EGO,11
771,EGS,1
772,EGX,1
773,EIN,68
774,EIS,12
775,EJA,1
776,EJH,1
777,EKO,1
778,EKS,1
779,ELC,1
780,ELD,2
781,ELF,2
782,ELG,2
783,ELH,8
784,ELI,5
785,ELL,1
786,ELM,6
787,ELP,24
788,ELQ,12
789,ELS,5
790,ELU,1
791,ELV,1
792,EMA,95
793,EMD,2
794,EMK,4
795,ENA,3
796,ENE,4
797,ENH,4
798,ENU,3
799,ENY,5
800,EOH,11
801,EOI,1
802,EPR,3
803,EQS,3
804,ERC,3
805,ERF,6
806,ERI,4
807,ERL,2
808,ERM,2
809,ERN,1
810,ERS,3
811,ERZ,5
812,ESB,52
813,ESC,1
814,ESD,1
815,ESL,1
816,ESM,3
817,ESU,3
818,ETH,5
819,ETR,1
820,ETZ,5
821,EUG,14
822,EUN,4
823,EUX,1
824,EVE,9
825,EVG,2
826,EVN,45
827,EVV,9
828,EWB,3
829,EWN,5
830,EWR,253
831,EXI,1
832,EXT,25
833,EYK,4
834,EYP,2
835,EYW,16
836,EZE,75
837,EZS,6
838,FAE,4
839,FAI,27
840,FAO,106
841,FAR,14
842,FAT,20
843,FAV,2
844,FAY,8
845,FBM,10
846,FBS,2
847,FCA,5
848,FCO,330
849,FDE,2
850,FDF,23
851,FDH,13
852,FEG,7
853,FEN,3
854,FEZ,18
855,FIH,27
856,FJR,1
857,FKB,20
858,FKI,2
859,FKL,2
860,FKQ,3
861,FKS,4
862,FLA,2
863,FLG,2
864,FLL,186
865,FLN,21
866,FLO,2
867,FLR,53
868,FLS,1
869,FLW,4
870,FMA,1
871,FMM,23
872,FMN,9
873,FMO,11
874,FNA,22
875,FNC,52
876,FNI,4
877,FNJ,5
878,FNT,14
879,FOC,133
880,FOE,1
881,FON,3
882,FOR,36
883,FPO,15
884,FRA,497
885,FRD,1
886,FRE,2
887,FRO,5
888,FRS,3
889,FRU,45
890,FRW,2
891,FSC,14
892,FSD,13
893,FSM,5
894,FSP,3
895,FSZ,10
896,FTA,2
897,FTE,4
898,FTU,2
899,FUE,97
900,FUG,11
901,FUJ,4
902,FUK,85
903,FUN,1
904,FUO,2
905,FUT,1
906,FVM,1
907,FWA,16
908,FYU,6
909,GAE,2
910,GAF,2
911,GAJ,3
912,GAL,7
913,GAM,4
914,GAN,3
915,GAO,1
916,GAU,31
917,GBB,1
918,GBE,9
919,GBT,6
920,GCC,3
921,GCH,1
922,GCI,18
923,GCK,2
924,GCM,25
925,GCN,1
926,GCW,1
927,GDE,1
928,GDL,93
929,GDN,51
930,GDQ,2
931,GDT,4
932,GDV,1
933,GDX,6
934,GDZ,1
935,GEA,8
936,GEG,15
937,GEL,2
938,GEO,8
939,GES,5
940,GET,3
941,GEV,6
942,GFF,2
943,GFK,5
944,GFN,1
945,GGG,2
946,GGT,10
947,GGW,1
948,GHA,4
949,GHB,4
950,GHE,1
951,GHT,1
952,GIB,6
953,GIG,98
954,GIL,1
955,GIS,2
956,GIU,3
957,GIZ,6
958,GJA,1
959,GJT,8
960,GKA,5
961,GKK,2
962,GLA,100
963,GLF,3
964,GLH,1
965,GLK,4
966,GLN,2
967,GLO,1
968,GLT,4
969,GLV,4
970,GMA,1
971,GMB,2
972,GMO,1
973,GMP,39
974,GMR,1
975,GMZ,1
976,GND,14
977,GNM,1
978,GNU,1
979,GNV,12
980,GNY,5
981,GOA,20
982,GOH,9
983,GOI,29
984,GOJ,18
985,GOM,3
986,GOP,2
987,GOQ,2
988,GOT,52
989,GOU,2
990,GOV,4
991,GPA,3
992,GPB,1
993,GPI,2
994,GPS,2
995,GPT,9
996,GRB,8
997,GRI,4
998,GRJ,5
999,GRK,6
1000,GRO,49
1001,GRP,1
1002,GRQ,6
1003,GRR,28
1004,GRU,193
1005,GRV,1
1006,GRW,1
1007,GRX,9
1008,GRZ,19
1009,GSE,21
1010,GSM,8
1011,GSO,25
1012,GSP,29
1013,GST,3
1014,GTE,4
1015,GTF,7
1016,GTO,4
1017,GTR,3
1018,GUA,37
1019,GUC,1
1020,GUM,35
1021,GUR,6
1022,GUW,10
1023,GVA,166
1024,GVR,1
1025,GWD,3
1026,GWL,1
1027,GWT,8
1028,GXF,5
1029,GXH,2
1030,GYA,1
1031,GYD,64
1032,GYE,35
1033,GYN,21
1034,GYS,8
1035,GZO,4
1036,GZP,6
1037,GZT,9
1038,HAA,2
1039,HAC,1
1040,HAD,6
1041,HAH,10
1042,HAJ,76
1043,HAK,108
1044,HAM,161
1045,HAN,87
1046,HAQ,2
1047,HAS,5
1048,HAU,12
1049,HAV,45
1050,HBA,9
1051,HBE,42
1052,HBX,2
1053,HCR,3
1054,HDF,5
1055,HDG,6
1056,HDM,1
1057,HDN,1
1058,HDS,2
1059,HDY,6
1060,HEA,6
1061,HEH,7
1062,HEK,3
1063,HEL,159
1064,HER,110
1065,HET,87
1066,HFA,2
1067,HFE,77
1068,HFS,2
1069,HFT,7
1070,HGA,7
1071,HGH,252
1072,HGN,1
1073,HGR,2
1074,HGU,10
1075,HHH,4
1076,HHN,47
1077,HIA,12
1078,HIB,1
1079,HID,1
1080,HIJ,17
1081,HIN,3
1082,HIR,25
1083,HJJ,3
1084,HJR,1
1085,HKB,1
1086,HKD,10
1087,HKG,355
1088,HKK,1
1089,HKN,6
1090,HKT,71
1091,HLA,4
1092,HLD,18
1093,HLH,7
1094,HLN,5
1095,HLZ,4
1096,HMA,8
1097,HMB,9
1098,HME,6
1099,HMI,10
1100,HMO,25
1101,HMV,2
1102,HNA,4
1103,HND,157
1104,HNH,3
1105,HNL,118
1106,HNM,1
1107,HNS,4
1108,HOB,1
1109,HOD,5
1110,HOE,1
1111,HOF,3
1112,HOG,11
1113,HOI,2
1114,HOM,2
1115,HON,3
1116,HOR,6
1117,HOT,2
1118,HOU,78
1119,HOV,4
1120,HPB,2
1121,HPH,4
1122,HPN,23
1123,HRB,129
1124,HRE,26
1125,HRG,40
1126,HRI,7
1127,HRK,10
1128,HRL,7
1129,HRM,2
1130,HRO,2
1131,HSG,3
1132,HSL,5
1133,HSN,13
1134,HSV,18
1135,HTA,11
1136,HTI,7
1137,HTN,6
1138,HTS,5
1139,HTY,9
1140,HUH,4
1141,HUI,4
1142,HUN,4
1143,HUS,2
1144,HUU,2
1145,HUX,3
1146,HUY,5
1147,HVB,2
1148,HVD,1
1149,HVG,3
1150,HVN,2
1151,HVR,1
1152,HYA,2
1153,HYD,74
1154,HYG,1
1155,HYL,5
1156,HYN,14
1157,HZH,3
1158,IAA,1
1159,IAD,196
1160,IAG,5
1161,IAH,243
1162,IAM,2
1163,IAN,4
1164,IAO,1
1165,IAR,1
1166,IAS,12
1167,IBA,1
1168,IBE,3
1169,IBR,5
1170,IBZ,99
1171,ICI,1
1172,ICN,370
1173,ICT,20
1174,IDA,4
1175,IDR,16
1176,IEV,22
1177,IFJ,1
1178,IFN,20
1179,IFO,2
1180,IGA,2
1181,IGD,2
1182,IGG,1
1183,IGM,4
1184,IGR,4
1185,IGU,12
1186,IIL,1
1187,IJK,4
1188,IKA,60
1189,IKE,2
1190,IKI,2
1191,IKO,1
1192,IKS,2
1193,IKT,41
1194,ILD,1
1195,ILG,6
1196,ILI,1
1197,ILM,13
1198,ILO,10
1199,ILP,1
1200,ILR,1
1201,ILY,1
1202,IMF,9
1203,IMP,7
1204,IMT,2
1205,INB,2
1206,INC,65
1207,IND,69
1208,INH,3
1209,INL,2
1210,INN,8
1211,INU,3
1212,INV,11
1213,INZ,2
1214,IOA,2
1215,IOM,11
1216,IOQ,1
1217,IOS,9
1218,IOT,2
1219,IPA,3
1220,IPC,2
1221,IPH,2
1222,IPI,1
1223,IPL,2
1224,IPN,3
1225,IPT,2
1226,IQN,6
1227,IQQ,9
1228,IQT,7
1229,IRA,3
1230,IRC,1
1231,IRG,2
1232,IRJ,1
1233,IRK,1
1234,IRP,1
1235,IRZ,1
1236,ISA,13
1237,ISB,58
1238,ISC,3
1239,ISE,1
1240,ISG,14
1241,ISN,2
1242,ISP,17
1243,IST,358
1244,ISU,10
1245,ITB,2
1246,ITH,4
1247,ITM,42
1248,ITO,4
1249,IUE,1
1250,IUI,2
1251,IVC,2
1252,IVL,2
1253,IWJ,1
1254,IWK,1
1255,IXA,8
1256,IXB,16
1257,IXC,9
1258,IXD,2
1259,IXE,15
1260,IXG,1
1261,IXJ,12
1262,IXL,6
1263,IXM,8
1264,IXR,11
1265,IXS,7
1266,IXU,5
1267,IXZ,11
1268,IZA,2
1269,IZO,1
1270,JAC,2
1271,JAI,17
1272,JAL,2
1273,JAN,18
1274,JAU,1
1275,JAV,5
1276,JAX,46
1277,JBQ,3
1278,JBR,1
1279,JCB,3
1280,JCK,2
1281,JDH,6
1282,JDO,5
1283,JDZ,16
1284,JED,194
1285,JEG,3
1286,JER,38
1287,JFK,456
1288,JFR,2
1289,JGA,1
1290,JGD,4
1291,JGN,7
1292,JGS,9
1293,JHB,18
1294,JHG,24
1295,JHM,2
1296,JHS,3
1297,JHW,2
1298,JIB,23
1299,JIC,6
1300,JIJ,3
1301,JIK,3
1302,JIM,2
1303,JIQ,7
1304,JIU,6
1305,JJA,1
1306,JJN,44
1307,JJU,7
1308,JKG,2
1309,JKH,6
1310,JKL,6
1311,JKR,1
1312,JLN,2
1313,JLR,3
1314,JMK,13
1315,JMU,10
1316,JNB,159
1317,JNG,10
1318,JNN,4
1319,JNS,3
1320,JNU,20
1321,JNX,2
1322,JNZ,5
1323,JOE,1
1324,JOG,29
1325,JOI,5
1326,JOL,1
1327,JOS,1
1328,JPA,11
1329,JPR,2
1330,JQA,2
1331,JQE,1
1332,JRO,20
1333,JSH,5
1334,JSI,2
1335,JSR,3
1336,JST,2
1337,JSU,2
1338,JSY,2
1339,JTC,3
1340,JTR,15
1341,JTY,4
1342,JUB,12
1343,JUH,7
1344,JUJ,2
1345,JUK,1
1346,JUL,7
1347,JUU,2
1348,JUV,9
1349,JUZ,6
1350,JXA,6
1351,JYV,3
1352,JZH,16
1353,KAA,1
1354,KAD,1
1355,KAE,1
1356,KAJ,2
1357,KAL,3
1358,KAN,7
1359,KAO,1
1360,KAT,1
1361,KAW,1
1362,KAZ,1
1363,KBC,1
1364,KBL,28
1365,KBP,102
1366,KBR,14
1367,KBU,2
1368,KBV,16
1369,KCA,2
1370,KCC,2
1371,KCG,1
1372,KCH,26
1373,KCK,1
1374,KCL,1
1375,KCM,3
1376,KCO,1
1377,KCQ,1
1378,KCT,2
1379,KCZ,4
1380,KDH,5
1381,KDI,4
1382,KDM,2
1383,KDO,2
1384,KDU,1
1385,KDV,2
1386,KEF,45
1387,KEJ,3
1388,KEM,2
1389,KEP,1
1390,KER,4
1391,KET,1
1392,KEW,1
1393,KFP,1
1394,KFS,1
1395,KGA,3
1396,KGC,1
1397,KGD,15
1398,KGE,2
1399,KGF,7
1400,KGI,5
1401,KGL,40
1402,KGP,1
1403,KGQ,2
1404,KGS,43
1405,KGT,1
1406,KGX,3
1407,KHD,1
1408,KHG,13
1409,KHH,65
1410,KHI,62
1411,KHN,86
1412,KHQ,2
1413,KHS,1
1414,KHV,38
1415,KHY,1
1416,KHZ,1
1417,KID,1
1418,KIF,2
1419,KIH,16
1420,KIJ,16
1421,KIM,2
1422,KIN,30
1423,KIR,6
1424,KIS,3
1425,KIT,4
1426,KIV,34
1427,KIX,152
1428,KJA,45
1429,KKA,5
1430,KKB,1
1431,KKC,2
1432,KKE,1
1433,KKH,3
1434,KKI,3
1435,KKJ,3
1436,KKN,7
1437,KKR,1
1438,KLG,4
1439,KLL,1
1440,KLN,1
1441,KLO,18
1442,KLR,3
1443,KLU,7
1444,KLV,5
1445,KLW,3
1446,KLX,10
1447,KME,1
1448,KMG,273
1449,KMI,11
1450,KMJ,9
1451,KMQ,17
1452,KMS,4
1453,KND,2
1454,KNG,3
1455,KNH,5
1456,KNQ,1
1457,KNS,2
1458,KNU,1
1459,KNX,8
1460,KOA,20
1461,KOC,2
1462,KOE,10
1463,KOI,11
1464,KOJ,18
1465,KOK,3
1466,KOO,1
1467,KOP,2
1468,KOS,1
1469,KOT,3
1470,KOV,2
1471,KOW,13
1472,KOZ,2
1473,KPB,1
1474,KPN,3
1475,KPO,3
1476,KPV,1
1477,KQA,1
1478,KQT,4
1479,KRF,4
1480,KRK,57
1481,KRL,10
1482,KRN,3
1483,KRO,2
1484,KRP,1
1485,KRR,46
1486,KRS,11
1487,KRT,41
1488,KRY,2
1489,KSA,2
1490,KSC,6
1491,KSD,2
1492,KSE,1
1493,KSF,2
1494,KSH,6
1495,KSJ,4
1496,KSM,5
1497,KSN,3
1498,KSO,1
1499,KSQ,5
1500,KSU,7
1501,KSY,3
1502,KTA,7
1503,KTB,4
1504,KTE,2
1505,KTG,2
1506,KTL,1
1507,KTM,44
1508,KTN,22
1509,KTS,4
1510,KTT,2
1511,KTW,28
1512,KUA,5
1513,KUD,2
1514,KUF,27
1515,KUH,5
1516,KUK,2
1517,KUL,257
1518,KUN,19
1519,KUO,1
1520,KUS,5
1521,KUT,8
1522,KUU,1
1523,KUV,2
1524,KUZ,1
1525,KVA,6
1526,KVC,1
1527,KVD,4
1528,KVG,4
1529,KVK,1
1530,KVL,3
1531,KVX,3
1532,KWA,3
1533,KWE,137
1534,KWF,1
1535,KWI,120
1536,KWJ,4
1537,KWK,4
1538,KWL,107
1539,KWM,2
1540,KWN,4
1541,KWT,3
1542,KXU,1
1543,KYA,3
1544,KYP,1
1545,KYU,2
1546,KYZ,1
1547,KZN,28
1548,KZO,4
1549,KZR,1
1550,KZS,2
1551,LAD,46
1552,LAE,11
1553,LAI,1
1554,LAM,1
1555,LAN,8
1556,LAO,2
1557,LAP,10
1558,LAQ,3
1559,LAR,1
1560,LAS,246
1561,LAU,4
1562,LAW,2
1563,LAX,492
1564,LAZ,1
1565,LBA,80
1566,LBB,10
1567,LBC,4
1568,LBD,33
1569,LBE,3
1570,LBF,1
1571,LBJ,4
1572,LBL,6
1573,LBP,1
1574,LBS,2
1575,LBU,4
1576,LBV,24
1577,LCA,93
1578,LCE,8
1579,LCG,12
1580,LCH,3
1581,LCK,2
1582,LCR,2
1583,LCX,1
1584,LCY,62
1585,LDB,11
1586,LDE,5
1587,LDH,3
1588,LDS,2
1589,LDU,1
1590,LDY,5
1591,LEA,3
1592,LEB,2
1593,LEC,1
1594,LED,184
1595,LEH,1
1596,LEI,18
1597,LEJ,40
1598,LEN,1
1599,LEQ,1
1600,LET,6
1601,LEX,20
1602,LFM,3
1603,LFR,1
1604,LFT,6
1605,LFW,20
1606,LGA,158
1607,LGB,18
1608,LGG,9
1609,LGI,2
1610,LGK,17
1611,LGL,2
1612,LGP,4
1613,LGQ,1
1614,LGW,356
1615,LHE,56
1616,LHR,527
1617,LHW,84
1618,LIF,3
1619,LIG,11
1620,LIH,21
1621,LIL,40
1622,LIM,115
1623,LIN,60
1624,LIR,24
1625,LIS,214
1626,LIT,29
1627,LJA,1
1628,LJG,65
1629,LJU,33
1630,LKB,1
1631,LKE,3
1632,LKG,1
1633,LKH,2
1634,LKL,1
1635,LKN,3
1636,LKO,18
1637,LLA,6
1638,LLB,1
1639,LLF,3
1640,LLI,3
1641,LLK,2
1642,LLU,2
1643,LLW,12
1644,LMA,1
1645,LMC,1
1646,LMM,5
1647,LMN,1
1648,LMP,3
1649,LMT,2
1650,LNB,2
1651,LNE,3
1652,LNJ,2
1653,LNK,3
1654,LNS,1
1655,LNV,3
1656,LNY,4
1657,LNZ,12
1658,LOD,2
1659,LOE,1
1660,LOH,2
1661,LOK,1
1662,LOP,16
1663,LOS,60
1664,LPA,154
1665,LPB,26
1666,LPD,1
1667,LPI,2
1668,LPL,58
1669,LPM,2
1670,LPP,3
1671,LPQ,13
1672,LPS,1
1673,LPT,1
1674,LPY,1
1675,LQM,1
1676,LRD,4
1677,LRE,2
1678,LRH,10
1679,LRM,10
1680,LRR,6
1681,LRS,6
1682,LRT,2
1683,LSA,1
1684,LSC,7
1685,LSE,3
1686,LSI,5
1687,LSP,4
1688,LST,8
1689,LSY,1
1690,LTD,1
1691,LTI,1
1692,LTN,108
1693,LTO,1
1694,LTX,2
1695,LUD,1
1696,LUG,2
1697,LUH,1
1698,LUK,3
1699,LUM,6
1700,LUN,34
1701,LUO,1
1702,LUQ,1
1703,LUR,1
1704,LUV,3
1705,LUW,2
1706,LUX,70
1707,LUZ,6
1708,LVI,7
1709,LWB,2
1710,LWN,1
1711,LWO,17
1712,LWS,4
1713,LWY,3
1714,LXA,30
1715,LXG,1
1716,LXR,10
1717,LXS,5
1718,LYA,9
1719,LYB,2
1720,LYC,4
1721,LYG,16
1722,LYH,2
1723,LYI,18
1724,LYP,2
1725,LYR,3
1726,LYS,135
1727,LZC,2
1728,LZH,14
1729,LZO,13
1730,LZY,5
1731,MAA,107
1732,MAB,12
1733,MAD,330
1734,MAF,8
1735,MAG,8
1736,MAH,34
1737,MAJ,4
1738,MAM,2
1739,MAN,316
1740,MAO,32
1741,MAQ,1
1742,MAR,14
1743,MAS,5
1744,MAU,3
1745,MAZ,1
1746,MBA,14
1747,MBE,1
1748,MBI,1
1749,MBJ,45
1750,MBL,1
1751,MBS,5
1752,MBT,1
1753,MCE,1
1754,MCG,6
1755,MCI,82
1756,MCK,1
1757,MCM,1
1758,MCN,2
1759,MCO,233
1760,MCP,3
1761,MCT,104
1762,MCV,1
1763,MCX,4
1764,MCY,5
1765,MCZ,13
1766,MDC,21
1767,MDE,26
1768,MDG,10
1769,MDK,2
1770,MDL,17
1771,MDQ,3
1772,MDT,20
1773,MDU,1
1774,MDW,139
1775,MDZ,10
1776,MEA,4
1777,MEB,1
1778,MEC,1
1779,MED,39
1780,MEE,1
1781,MEG,2
1782,MEH,5
1783,MEI,1
1784,MEL,137
1785,MEM,58
1786,MEU,3
1787,MEX,243
1788,MFE,6
1789,MFM,79
1790,MFR,9
1791,MFU,1
1792,MGA,15
1793,MGB,2
1794,MGF,10
1795,MGH,1
1796,MGM,7
1797,MGQ,10
1798,MGS,1
1799,MGT,1
1800,MGW,2
1801,MGZ,2
1802,MHC,1
1803,MHD,65
1804,MHG,1
1805,MHH,14
1806,MHK,4
1807,MHQ,4
1808,MHT,20
1809,MIA,368
1810,MID,15
1811,MIG,22
1812,MII,2
1813,MIM,3
1814,MIR,15
1815,MIS,2
1816,MJD,2
1817,MJF,5
1818,MJM,2
1819,MJN,3
1820,MJT,10
1821,MJU,1
1822,MJV,20
1823,MJZ,9
1824,MKE,65
1825,MKG,1
1826,MKK,3
1827,MKL,2
1828,MKM,2
1829,MKP,1
1830,MKQ,3
1831,MKW,7
1832,MKY,7
1833,MLA,113
1834,MLB,5
1835,MLE,44
1836,MLG,3
1837,MLH,11
1838,MLI,15
1839,MLL,2
1840,MLM,10
1841,MLN,5
1842,MLO,2
1843,MLU,6
1844,MLW,2
1845,MLX,4
1846,MLY,1
1847,MMB,6
1848,MME,3
1849,MMH,2
1850,MMJ,2
1851,MMK,7
1852,MMO,1
1853,MMU,2
1854,MMX,16
1855,MMY,5
1856,MNA,1
1857,MNG,3
1858,MNL,193
1859,MNS,1
1860,MNT,1
1861,MOB,9
1862,MOC,3
1863,MOD,1
1864,MOF,3
1865,MOI,1
1866,MOL,7
1867,MOQ,2
1868,MOT,5
1869,MOU,2
1870,MOV,3
1871,MOZ,4
1872,MPA,2
1873,MPH,4
1874,MPL,24
1875,MPM,17
1876,MPN,1
1877,MPP,1
1878,MQF,2
1879,MQH,1
1880,MQJ,2
1881,MQL,6
1882,MQM,5
1883,MQN,4
1884,MQP,4
1885,MQT,3
1886,MQX,3
1887,MRA,12
1888,MRD,2
1889,MRE,3
1890,MRS,136
1891,MRU,41
1892,MRV,22
1893,MRX,2
1894,MRY,10
1895,MRZ,1
1896,MSA,4
1897,MSJ,2
1898,MSL,1
1899,MSN,17
1900,MSO,7
1901,MSP,218
1902,MSQ,54
1903,MSR,3
1904,MSS,1
1905,MST,10
1906,MSU,1
1907,MSW,1
1908,MSY,123
1909,MSZ,1
1910,MTJ,1
1911,MTM,3
1912,MTR,3
1913,MTS,1
1914,MTT,2
1915,MTV,3
1916,MTY,72
1917,MUA,4
1918,MUB,7
1919,MUC,368
1920,MUE,1
1921,MUK,1
1922,MUN,4
1923,MUR,6
1924,MUW,2
1925,MUX,12
1926,MVD,23
1927,MVP,3
1928,MVR,1
1929,MVT,2
1930,MVY,4
1931,MWA,1
1932,MWF,1
1933,MWX,6
1934,MWZ,6
1935,MXH,3
1936,MXL,4
1937,MXP,192
1938,MXV,2
1939,MXX,2
1940,MXZ,5
1941,MYA,2
1942,MYD,5
1943,MYG,2
1944,MYJ,12
1945,MYQ,1
1946,MYR,34
1947,MYT,4
1948,MYU,1
1949,MYW,1
1950,MYY,24
1951,MZG,5
1952,MZH,2
1953,MZL,1
1954,MZR,4
1955,MZT,15
1956,MZV,6
1957,MZW,1
1958,NAG,15
1959,NAH,1
1960,NAJ,1
1961,NAN,43
1962,NAO,6
1963,NAP,79
1964,NAQ,3
1965,NAS,67
1966,NAT,16
1967,NAV,2
1968,NAW,1
1969,NAY,80
1970,NBC,7
1971,NBE,45
1972,NBO,130
1973,NBS,5
1974,NBX,3
1975,NCE,135
1976,NCL,84
1977,NCU,4
1978,NDB,4
1979,NDG,8
1980,NDJ,9
1981,NDR,18
1982,NDU,2
1983,NDY,2
1984,NER,5
1985,NEV,8
1986,NGB,84
1987,NGE,1
1988,NGK,1
1989,NGO,84
1990,NGQ,2
1991,NGS,17
1992,NHV,4
1993,NIB,1
1994,NIM,17
1995,NIQ,1
1996,NJC,14
1997,NJF,11
1998,NKC,12
1999,NKG,165
2000,NKI,1
2001,NKM,6
2002,NLA,10
2003,NLD,1
2004,NLG,1
2005,NLK,3
2006,NLT,2
2007,NMA,12
2008,NME,3
2009,NNB,2
2010,NNG,114
2011,NNM,4
2012,NNT,2
2013,NNY,8
2014,NOB,1
2015,NOC,15
2016,NOJ,5
2017,NOP,1
2018,NOS,4
2019,NOU,13
2020,NOV,3
2021,NOZ,2
2022,NPE,3
2023,NPL,3
2024,NQN,6
2025,NQU,1
2026,NQY,6
2027,NRA,2
2028,NRK,2
2029,NRL,4
2030,NRN,38
2031,NRT,286
2032,NSH,2
2033,NSI,17
2034,NSK,15
2035,NSN,4
2036,NSQ,2
2037,NST,2
2038,NTE,92
2039,NTG,18
2040,NTL,8
2041,NTN,2
2042,NTQ,1
2043,NTX,1
2044,NUE,48
2045,NUI,2
2046,NUL,3
2047,NUP,2
2048,NUS,5
2049,NUX,16
2050,NVA,2
2051,NVI,6
2052,NVK,1
2053,NVT,7
2054,NWI,10
2055,NYA,4
2056,NYI,1
2057,NYK,4
2058,NYM,8
2059,NYO,31
2060,NYT,2
2061,NYU,7
2062,NZH,11
2063,OAG,1
2064,OAJ,7
2065,OAK,54
2066,OAL,1
2067,OAX,6
2068,OBO,3
2069,OBU,4
2070,OBY,1
2071,OCC,3
2072,ODN,2
2073,ODO,2
2074,ODS,18
2075,ODY,1
2076,OER,1
2077,OGD,1
2078,OGG,42
2079,OGL,1
2080,OGM,1
2081,OGS,1
2082,OGX,5
2083,OGZ,1
2084,OHE,3
2085,OHH,2
2086,OIA,1
2087,OIM,1
2088,OIT,9
2089,OKA,61
2090,OKC,40
2091,OKJ,13
2092,OKL,1
2093,OLA,1
2094,OLB,52
2095,OLC,1
2096,OLF,1
2097,OLH,1
2098,OLL,1
2099,OLP,1
2100,OMA,34
2101,OMD,1
2102,OME,25
2103,OMH,3
2104,OMO,1
2105,OMR,2
2106,OMS,17
2107,OND,1
2108,ONG,3
2109,ONJ,1
2110,ONQ,2
2111,ONT,24
2112,OOK,3
2113,OOL,28
2114,OPO,100
2115,OPS,3
2116,ORB,2
2117,ORD,558
2118,ORF,36
2119,ORH,2
2120,ORI,1
2121,ORK,34
2122,ORN,34
2123,ORU,4
2124,ORV,4
2125,ORY,201
2126,ORZ,2
2127,OSD,3
2128,OSI,4
2129,OSL,180
2130,OSM,3
2131,OSR,4
2132,OSS,31
2133,OST,1
2134,OSW,1
2135,OSY,3
2136,OTD,1
2137,OTH,2
2138,OTP,112
2139,OTZ,22
2140,OUA,33
2141,OUD,10
2142,OUL,4
2143,OUZ,3
2144,OVB,87
2145,OVD,17
2146,OVS,5
2147,OWB,2
2148,OXB,7
2149,OZC,4
2150,OZH,2
2151,OZZ,2
2152,PAC,10
2153,PAD,11
2154,PAF,1
2155,PAG,2
2156,PAH,1
2157,PAP,24
2158,PAS,2
2159,PAT,12
2160,PAV,1
2161,PAZ,6
2162,PBC,7
2163,PBD,2
2164,PBG,7
2165,PBH,5
2166,PBI,44
2167,PBJ,2
2168,PBL,2
2169,PBM,10
2170,PBO,3
2171,PBU,1
2172,PBZ,2
2173,PCL,6
2174,PCR,3
2175,PDA,3
2176,PDG,7
2177,PDL,23
2178,PDP,3
2179,PDS,2
2180,PDT,1
2181,PDV,2
2182,PDX,113
2183,PEC,1
2184,PED,2
2185,PEE,6
2186,PEG,5
2187,PEI,6
2188,PEK,535
2189,PEM,3
2190,PEN,42
2191,PER,92
2192,PES,1
2193,PET,4
2194,PEU,2
2195,PEW,30
2196,PEZ,1
2197,PFB,5
2198,PFO,42
2199,PFQ,1
2200,PGA,6
2201,PGD,18
2202,PGF,5
2203,PGK,7
2204,PGU,5
2205,PGV,2
2206,PGX,2
2207,PHB,2
2208,PHC,8
2209,PHE,8
2210,PHF,9
2211,PHL,289
2212,PHO,4
2213,PHS,3
2214,PHW,1
2215,PHX,251
2216,PIA,15
2217,PIB,1
2218,PIE,31
2219,PIH,1
2220,PIK,21
2221,PIN,1
2222,PIP,1
2223,PIR,8
2224,PIS,7
2225,PIT,74
2226,PIU,2
2227,PIX,4
2228,PIZ,2
2229,PJA,2
2230,PJG,1
2231,PJM,4
2232,PKA,1
2233,PKB,1
2234,PKC,6
2235,PKE,2
2236,PKN,7
2237,PKR,1
2238,PKU,18
2239,PKY,3
2240,PKZ,5
2241,PLJ,7
2242,PLM,14
2243,PLN,1
2244,PLO,2
2245,PLQ,3
2246,PLS,31
2247,PLU,13
2248,PLW,8
2249,PLX,3
2250,PLZ,9
2251,PMC,10
2252,PMF,4
2253,PMI,271
2254,PMO,63
2255,PMR,5
2256,PMV,20
2257,PMW,7
2258,PMY,1
2259,PMZ,3
2260,PNA,2
2261,PND,2
2262,PNH,29
2263,PNI,3
2264,PNK,6
2265,PNL,3
2266,PNP,5
2267,PNQ,33
2268,PNR,18
2269,PNS,21
2270,PNZ,5
2271,POA,42
2272,POG,1
2273,POI,2
2274,POJ,1
2275,POL,8
2276,POM,52
2277,POP,16
2278,POR,3
2279,POS,35
2280,POZ,21
2281,PPB,2
2282,PPG,1
2283,PPK,2
2284,PPN,1
2285,PPP,3
2286,PPQ,2
2287,PPS,9
2288,PPT,38
2289,PPV,1
2290,PPW,3
2291,PQC,5
2292,PQI,2
2293,PQM,1
2294,PQQ,6
2295,PQS,3
2296,PRA,2
2297,PRC,1
2298,PRG,180
2299,PRH,1
2300,PRI,1
2301,PRN,21
2302,PSA,76
2303,PSC,8
2304,PSE,2
2305,PSG,2
2306,PSJ,1
2307,PSM,1
2308,PSO,3
2309,PSP,26
2310,PSR,9
2311,PSS,1
2312,PTG,1
2313,PTH,1
2314,PTJ,1
2315,PTP,29
2316,PTU,1
2317,PTY,106
2318,PUB,1
2319,PUE,1
2320,PUF,5
2321,PUG,1
2322,PUJ,73
2323,PUM,1
2324,PUQ,7
2325,PUS,80
2326,PUU,4
2327,PUW,2
2328,PUY,15
2329,PVA,1
2330,PVC,1
2331,PVD,27
2332,PVE,1
2333,PVG,411
2334,PVH,9
2335,PVK,11
2336,PVR,47
2337,PVU,3
2338,PWE,1
2339,PWM,2
2340,PWQ,3
2341,PXM,3
2342,PXO,3
2343,PXU,3
2344,PYC,1
2345,PYH,1
2346,PYJ,5
2347,PYY,1
2348,PZB,1
2349,PZH,2
2350,PZI,4
2351,PZO,11
2352,PZU,5
2353,QBC,2
2354,QFG,1
2355,QFN,1
2356,QJH,1
2357,QOQ,1
2358,QOW,2
2359,QRO,7
2360,QRW,2
2361,QSF,8
2362,QUB,1
2363,QUO,1
2364,QUV,1
2365,QUW,2
2366,RAB,13
2367,RAE,2
2368,RAH,1
2369,RAI,17
2370,RAJ,3
2371,RAK,73
2372,RAO,19
2373,RAP,8
2374,RAR,14
2375,RAS,10
2376,RBA,11
2377,RBQ,2
2378,RBR,5
2379,RBV,2
2380,RBY,4
2381,RCB,1
2382,RCE,2
2383,RCH,1
2384,RCM,1
2385,RCY,1
2386,RDC,1
2387,RDD,1
2388,RDM,8
2389,RDN,2
2390,RDU,83
2391,RDV,1
2392,RDZ,4
2393,REC,36
2394,REG,6
2395,REL,6
2396,REN,8
2397,REP,42
2398,RES,1
2399,RET,2
2400,REU,19
2401,REX,8
2402,RFD,5
2403,RFP,4
2404,RGA,2
2405,RGI,5
2406,RGK,1
2407,RGL,6
2408,RGN,49
2409,RGS,1
2410,RHD,1
2411,RHI,2
2412,RHO,82
2413,RIA,4
2414,RIB,1
2415,RIC,38
2416,RIG,3
2417,RIW,1
2418,RIX,101
2419,RIY,12
2420,RJA,3
2421,RJH,1
2422,RJK,7
2423,RJL,1
2424,RKA,1
2425,RKD,1
2426,RKS,3
2427,RKV,5
2428,RLG,5
2429,RLK,5
2430,RMA,3
2431,RMF,6
2432,RMI,3
2433,RMP,1
2434,RMQ,29
2435,RMT,2
2436,RNA,2
2437,RNB,3
2438,RNL,2
2439,RNN,1
2440,RNO,27
2441,RNS,13
2442,ROA,15
2443,ROB,16
2444,ROC,30
2445,ROI,1
2446,ROK,5
2447,ROO,1
2448,ROP,2
2449,ROR,10
2450,ROS,7
2451,ROT,3
2452,ROV,28
2453,ROW,2
2454,RPR,12
2455,RRG,1
2456,RRS,1
2457,RSA,1
2458,RSD,2
2459,RSH,4
2460,RST,4
2461,RSU,3
2462,RSW,63
2463,RTA,1
2464,RTB,15
2465,RTM,33
2466,RTW,5
2467,RUA,1
2468,RUH,137
2469,RUN,19
2470,RUR,2
2471,RUS,1
2472,RUT,1
2473,RVD,1
2474,RVE,2
2475,RVK,3
2476,RVN,2
2477,RVT,2
2478,RVV,2
2479,RXS,3
2480,RYG,37
2481,RYK,3
2482,RZE,11
2483,RZR,2
2484,SAB,1
2485,SAE,2
2486,SAF,6
2487,SAH,37
2488,SAL,53
2489,SAN,119
2490,SAP,23
2491,SAT,68
2492,SAV,23
2493,SAW,145
2494,SAX,1
2495,SBA,8
2496,SBH,11
2497,SBN,11
2498,SBP,4
2499,SBW,9
2500,SBY,4
2501,SBZ,5
2502,SCC,5
2503,SCE,5
2504,SCK,1
2505,SCL,79
2506,SCM,1
2507,SCN,9
2508,SCO,21
2509,SCQ,36
2510,SCT,2
2511,SCU,5
2512,SCW,9
2513,SCY,4
2514,SCZ,1
2515,SDD,3
2516,SDE,1
2517,SDF,41
2518,SDG,1
2519,SDJ,31
2520,SDK,6
2521,SDL,5
2522,SDN,2
2523,SDP,2
2524,SDQ,45
2525,SDR,19
2526,SDU,30
2527,SDV,3
2528,SDY,1
2529,SEA,201
2530,SEN,14
2531,SEZ,13
2532,SFA,10
2533,SFB,49
2534,SFG,4
2535,SFJ,8
2536,SFL,1
2537,SFN,2
2538,SFO,249
2539,SFT,3
2540,SGC,14
2541,SGD,1
2542,SGF,14
2543,SGG,1
2544,SGN,109
2545,SGO,2
2546,SGU,2
2547,SGY,3
2548,SHA,205
2549,SHB,2
2550,SHC,1
2551,SHD,1
2552,SHE,136
2553,SHG,2
2554,SHH,3
2555,SHJ,97
2556,SHL,1
2557,SHM,1
2558,SHP,7
2559,SHR,1
2560,SHV,8
2561,SHW,2
2562,SHX,3
2563,SIC,1
2564,SID,20
2565,SIN,408
2566,SIP,7
2567,SIT,3
2568,SJC,60
2569,SJD,51
2570,SJE,2
2571,SJI,1
2572,SJJ,16
2573,SJK,3
2574,SJL,1
2575,SJO,76
2576,SJP,8
2577,SJT,2
2578,SJU,102
2579,SJW,82
2580,SJZ,2
2581,SKB,11
2582,SKD,8
2583,SKE,1
2584,SKG,87
2585,SKK,6
2586,SKN,4
2587,SKO,1
2588,SKP,24
2589,SKT,11
2590,SKU,3
2591,SKX,2
2592,SKZ,6
2593,SLA,6
2594,SLC,141
2595,SLH,3
2596,SLI,2
2597,SLK,1
2598,SLL,7
2599,SLM,1
2600,SLN,1
2601,SLP,8
2602,SLQ,2
2603,SLU,11
2604,SLW,2
2605,SLX,1
2606,SLY,8
2607,SLZ,16
2608,SMA,3
2609,SMF,55
2610,SMI,9
2611,SMK,4
2612,SML,2
2613,SMR,4
2614,SMS,3
2615,SMX,2
2616,SNA,42
2617,SNE,2
2618,SNN,29
2619,SNO,1
2620,SNP,3
2621,SNU,9
2622,SNV,1
2623,SNW,2
2624,SOC,8
2625,SOF,66
2626,SOG,4
2627,SOJ,2
2628,SOM,1
2629,SON,11
2630,SOQ,8
2631,SOU,33
2632,SOW,6
2633,SOY,2
2634,SPB,1
2635,SPC,8
2636,SPD,2
2637,SPN,10
2638,SPP,3
2639,SPR,11
2640,SPS,2
2641,SPU,49
2642,SQS,4
2643,SRA,1
2644,SRE,6
2645,SRG,17
2646,SRK,1
2647,SRP,3
2648,SRQ,13
2649,SRV,1
2650,SRX,2
2651,SRY,6
2652,SRZ,7
2653,SSA,58
2654,SSB,1
2655,SSG,14
2656,SSH,38
2657,SSJ,4
2658,SSR,1
2659,SSY,1
2660,STC,2
2661,STD,4
2662,STG,3
2663,STI,11
2664,STL,114
2665,STM,15
2666,STN,173
2667,STR,137
2668,STS,6
2669,STT,34
2670,STV,3
2671,STW,4
2672,STX,9
2673,STZ,1
2674,SUB,65
2675,SUF,25
2676,SUG,3
2677,SUJ,2
2678,SUK,1
2679,SUR,1
2680,SUV,12
2681,SUX,2
2682,SVA,4
2683,SVB,3
2684,SVC,1
2685,SVD,4
2686,SVG,54
2687,SVI,2
2688,SVJ,3
2689,SVK,3
2690,SVL,2
2691,SVO,199
2692,SVP,2
2693,SVQ,65
2694,SVR,1
2695,SVS,2
2696,SVU,3
2697,SVX,98
2698,SVZ,1
2699,SWA,35
2700,SWF,6
2701,SWJ,2
2702,SXB,34
2703,SXF,83
2704,SXI,1
2705,SXK,1
2706,SXM,58
2707,SXO,1
2708,SXP,2
2709,SXR,14
2710,SXX,1
2711,SYB,1
2712,SYD,208
2713,SYM,3
2714,SYO,1
2715,SYQ,1
2716,SYR,26
2717,SYX,109
2718,SYY,5
2719,SYZ,39
2720,SZA,3
2721,SZB,29
2722,SZE,2
2723,SZG,34
2724,SZI,1
2725,SZX,234
2726,SZZ,7
2727,TAB,4
2728,TAC,5
2729,TAE,6
2730,TAG,3
2731,TAH,5
2732,TAI,7
2733,TAK,8
2734,TAL,4
2735,TAM,7
2736,TAO,188
2737,TAP,2
2738,TAS,81
2739,TAY,2
2740,TBB,2
2741,TBG,4
2742,TBI,3
2743,TBN,1
2744,TBP,1
2745,TBS,34
2746,TBT,1
2747,TBU,5
2748,TBW,1
2749,TBZ,15
2750,TCB,2
2751,TCD,1
2752,TCG,2
2753,TCO,1
2754,TCQ,2
2755,TCR,1
2756,TCT,1
2757,TCZ,5
2758,TDD,8
2759,TDX,1
2760,TEB,1
2761,TEE,1
2762,TEN,5
2763,TEQ,1
2764,TER,10
2765,TET,7
2766,TFF,5
2767,TFI,1
2768,TFN,32
2769,TFS,159
2770,TGC,1
2771,TGD,16
2772,TGG,7
2773,TGH,1
2774,TGI,1
2775,TGJ,2
2776,TGK,1
2777,TGM,5
2778,TGO,13
2779,TGP,1
2780,TGR,1
2781,TGU,18
2782,TGZ,8
2783,THD,1
2784,THE,11
2785,THL,5
2786,THN,1
2787,THR,62
2788,THS,1
2789,THU,2
2790,THX,1
2791,TIA,36
2792,TID,1
2793,TIF,13
2794,TIH,2
2795,TIJ,42
2796,TIM,4
2797,TIP,48
2798,TIR,2
2799,TIU,1
2800,TIV,11
2801,TIZ,3
2802,TJA,8
2803,TJM,22
2804,TJQ,4
2805,TJU,7
2806,TKD,2
2807,TKE,1
2808,TKG,5
2809,TKJ,1
2810,TKK,2
2811,TKP,1
2812,TKS,2
2813,TKU,8
2814,TKX,3
2815,TLA,3
2816,TLC,13
2817,TLE,3
2818,TLH,15
2819,TLJ,1
2820,TLL,38
2821,TLM,6
2822,TLN,3
2823,TLS,78
2824,TLT,3
2825,TLV,136
2826,TMC,3
2827,TME,2
2828,TMI,1
2829,TMJ,2
2830,TML,3
2831,TMM,7
2832,TMP,12
2833,TMR,4
2834,TMS,3
2835,TMT,1
2836,TMU,3
2837,TMW,1
2838,TNA,135
2839,TNC,1
2840,TNG,19
2841,TNJ,3
2842,TNK,2
2843,TNN,1
2844,TNO,4
2845,TNR,27
2846,TNW,1
2847,TOB,4
2848,TOE,2
2849,TOF,5
2850,TOG,1
2851,TOH,3
2852,TOL,5
2853,TOS,26
2854,TOU,1
2855,TOY,9
2856,TPA,138
2857,TPE,264
2858,TPP,6
2859,TPQ,3
2860,TPS,28
2861,TQA,2
2862,TQI,1
2863,TQL,1
2864,TRC,10
2865,TRD,44
2866,TRE,1
2867,TRF,37
2868,TRG,3
2869,TRI,7
2870,TRK,7
2871,TRN,44
2872,TRO,2
2873,TRR,1
2874,TRS,11
2875,TRU,1
2876,TRV,42
2877,TRW,3
2878,TRZ,9
2879,TSA,40
2880,TSE,52
2881,TSF,38
2882,TSH,2
2883,TSJ,3
2884,TSN,147
2885,TSR,13
2886,TST,2
2887,TSV,16
2888,TTA,1
2889,TTE,8
2890,TTJ,1
2891,TTN,14
2892,TTQ,1
2893,TTT,1
2894,TTU,1
2895,TUB,3
2896,TUC,2
2897,TUF,5
2898,TUG,3
2899,TUI,1
2900,TUK,6
2901,TUL,27
2902,TUN,87
2903,TUO,2
2904,TUP,2
2905,TUR,1
2906,TUS,31
2907,TUU,9
2908,TVC,5
2909,TVF,1
2910,TVS,6
2911,TVU,3
2912,TVY,2
2913,TWB,4
2914,TWF,1
2915,TWU,7
2916,TXK,2
2917,TXL,208
2918,TXN,26
2919,TYF,2
2920,TYN,110
2921,TYR,3
2922,TYS,31
2923,TZA,9
2924,TZL,3
2925,TZX,10
2926,UAH,3
2927,UAK,5
2928,UAP,3
2929,UAQ,2
2930,UAS,3
2931,UBA,4
2932,UBJ,3
2933,UBP,3
2934,UCT,4
2935,UDI,15
2936,UDJ,1
2937,UDR,7
2938,UEL,3
2939,UEO,1
2940,UET,14
2941,UFA,23
2942,UGB,1
2943,UGC,7
2944,UIB,6
2945,UIH,3
2946,UIN,1
2947,UIO,39
2948,UIP,1
2949,UKA,3
2950,UKB,12
2951,UKK,8
2952,UKS,2
2953,UKX,2
2954,ULB,3
2955,ULG,1
2956,ULH,2
2957,ULK,6
2958,ULN,21
2959,ULO,1
2960,ULP,2
2961,ULV,2
2962,ULZ,1
2963,UMD,7
2964,UME,8
2965,UNG,5
2966,UNK,8
2967,UNN,1
2968,UPG,56
2969,UPK,2
2970,UPN,2
2971,URA,3
2972,URC,153
2973,URE,1
2974,URG,1
2975,URJ,3
2976,URS,1
2977,URT,4
2978,URY,2
2979,USH,4
2980,USK,2
2981,USM,18
2982,USN,3
2983,UST,1
2984,USU,3
2985,UTH,6
2986,UTN,2
2987,UTP,2
2988,UTS,1
2989,UTT,1
2990,UUA,4
2991,UUD,11
2992,UUS,16
2993,UVE,2
2994,UVF,19
2995,UYL,2
2996,UYN,12
2997,UYU,1
2998,VAA,5
2999,VAI,3
3000,VAK,2
3001,VAN,5
3002,VAO,1
3003,VAR,9
3004,VAS,4
3005,VAW,3
3006,VBV,1
3007,VBY,8
3008,VCA,3
3009,VCE,122
3010,VCL,2
3011,VCP,57
3012,VCS,2
3013,VCT,1
3014,VDA,1
3015,VDB,1
3016,VDC,6
3017,VDE,3
3018,VDH,2
3019,VDM,1
3020,VDS,7
3021,VDZ,2
3022,VEE,2
3023,VEL,1
3024,VER,16
3025,VFA,7
3026,VGA,3
3027,VGO,11
3028,VGZ,1
3029,VHC,2
3030,VHM,4
3031,VIE,308
3032,VIG,3
3033,VII,7
3034,VIJ,4
3035,VIL,3
3036,VIN,1
3037,VIS,1
3038,VIX,16
3039,VKG,1
3040,VKO,86
3041,VKT,2
3042,VLC,82
3043,VLD,3
3044,VLI,28
3045,VLL,4
3046,VLN,10
3047,VLS,1
3048,VLV,2
3049,VLY,1
3050,VNO,58
3051,VNS,10
3052,VNX,4
3053,VOG,10
3054,VOL,5
3055,VOZ,8
3056,VPE,6
3057,VPS,10
3058,VPY,1
3059,VQS,6
3060,VRA,13
3061,VRC,1
3062,VRN,39
3063,VSA,13
3064,VST,3
3065,VTE,25
3066,VTZ,18
3067,VUP,2
3068,VUS,1
3069,VVC,8
3070,VVI,24
3071,VVO,26
3072,VXC,2
3073,VXE,5
3074,VXO,7
3075,WAA,4
3076,WAE,2
3077,WAG,1
3078,WAT,2
3079,WAW,120
3080,WBB,7
3081,WBM,1
3082,WBQ,2
3083,WDH,19
3084,WEF,7
3085,WEI,2
3086,WGA,3
3087,WGP,1
3088,WHK,1
3089,WIC,2
3090,WIL,19
3091,WIN,2
3092,WJR,5
3093,WJU,1
3094,WKJ,2
3095,WLG,32
3096,WLH,1
3097,WLK,2
3098,WLS,3
3099,WMI,26
3100,WMN,4
3101,WMO,4
3102,WMR,1
3103,WMX,1
3104,WNA,1
3105,WNH,2
3106,WNN,3
3107,WNP,2
3108,WNR,2
3109,WNZ,81
3110,WRE,2
3111,WRG,2
3112,WRL,3
3113,WRO,33
3114,WRY,2
3115,WSN,1
3116,WSX,2
3117,WSZ,1
3118,WTK,3
3119,WTL,2
3120,WUA,8
3121,WUH,187
3122,WUS,15
3123,WUX,47
3124,WUZ,3
3125,WVB,3
3126,WWK,6
3127,WWP,1
3128,WWT,2
3129,WXN,12
3130,WYA,1
3131,XAP,5
3132,XBE,4
3133,XBJ,2
3134,XCH,2
3135,XCR,2
3136,XEQ,1
3137,XFN,13
3138,XFW,1
3139,XGR,1
3140,XIC,5
3141,XIL,7
3142,XIY,283
3143,XKH,1
3144,XKS,2
3145,XMH,3
3146,XMN,233
3147,XMS,1
3148,XNA,24
3149,XNN,49
3150,XQP,4
3151,XRY,22
3152,XSB,2
3153,XSC,2
3154,XTG,1
3155,XUZ,20
3156,YAA,1
3157,YAB,2
3158,YAC,2
3159,YAG,2
3160,YAK,2
3161,YAM,4
3162,YAP,2
3163,YAT,2
3164,YAX,2
3165,YAY,3
3166,YBC,6
3167,YBG,4
3168,YBK,6
3169,YBL,6
3170,YBP,10
3171,YBR,1
3172,YBX,3
3173,YCB,6
3174,YCD,2
3175,YCG,2
3176,YCL,2
3177,YCO,5
3178,YCS,6
3179,YCU,29
3180,YCY,4
3181,YDF,7
3182,YDP,4
3183,YDQ,2
3184,YEG,68
3185,YEK,7
3186,YER,3
3187,YES,1
3188,YEV,8
3189,YFA,2
3190,YFB,18
3191,YFC,4
3192,YFH,3
3193,YFJ,1
3194,YFO,4
3195,YFS,2
3196,YGH,2
3197,YGJ,8
3198,YGK,1
3199,YGL,3
3200,YGP,2
3201,YGR,3
3202,YGT,5
3203,YGV,3
3204,YGW,7
3205,YGX,2
3206,YGZ,1
3207,YHD,4
3208,YHI,3
3209,YHK,4
3210,YHM,4
3211,YHO,4
3212,YHP,2
3213,YHR,4
3214,YHU,4
3215,YHY,3
3216,YHZ,43
3217,YIC,6
3218,YIE,1
3219,YIF,4
3220,YIH,24
3221,YIK,2
3222,YIN,4
3223,YIO,3
3224,YIW,18
3225,YJT,1
3226,YKA,5
3227,YKF,3
3228,YKG,3
3229,YKL,5
3230,YKM,1
3231,YKQ,6
3232,YKS,38
3233,YKT,1
3234,YKU,4
3235,YLC,1
3236,YLE,1
3237,YLH,2
3238,YLL,1
3239,YLW,15
3240,YMM,12
3241,YMN,4
3242,YMO,3
3243,YMT,3
3244,YNA,6
3245,YNB,9
3246,YNC,2
3247,YNG,4
3248,YNJ,14
3249,YNO,2
3250,YNP,4
3251,YNS,2
3252,YNT,56
3253,YNY,1
3254,YNZ,17
3255,YOG,1
3256,YOJ,2
3257,YOL,1
3258,YOP,2
3259,YOW,45
3260,YPC,1
3261,YPH,3
3262,YPJ,3
3263,YPL,1
3264,YPM,5
3265,YPN,2
3266,YPO,1
3267,YPR,2
3268,YPW,1
3269,YPX,4
3270,YPY,2
3271,YQB,28
3272,YQC,2
3273,YQD,5
3274,YQF,3
3275,YQG,3
3276,YQK,3
3277,YQL,1
3278,YQM,10
3279,YQQ,7
3280,YQR,16
3281,YQT,13
3282,YQU,4
3283,YQX,3
3284,YQY,2
3285,YQZ,4
3286,YRA,1
3287,YRB,2
3288,YRG,2
3289,YRL,7
3290,YRT,24
3291,YSB,6
3292,YSG,1
3293,YSJ,3
3294,YSK,3
3295,YSM,4
3296,YSO,4
3297,YSY,2
3298,YTE,3
3299,YTH,6
3300,YTL,4
3301,YTQ,2
3302,YTS,5
3303,YTY,18
3304,YTZ,14
3305,YUB,1
3306,YUD,3
3307,YUL,185
3308,YUM,3
3309,YUS,2
3310,YUT,3
3311,YUX,4
3312,YUY,5
3313,YVB,3
3314,YVM,2
3315,YVO,7
3316,YVP,10
3317,YVQ,6
3318,YVR,157
3319,YVZ,1
3320,YWB,2
3321,YWG,41
3322,YWH,2
3323,YWJ,2
3324,YWK,16
3325,YWL,5
3326,YWP,2
3327,YXC,4
3328,YXE,15
3329,YXH,1
3330,YXJ,6
3331,YXL,18
3332,YXN,5
3333,YXP,4
3334,YXS,10
3335,YXT,5
3336,YXU,6
3337,YXX,2
3338,YXY,5
3339,YYB,2
3340,YYC,115
3341,YYD,4
3342,YYE,3
3343,YYF,1
3344,YYG,4
3345,YYH,4
3346,YYJ,13
3347,YYQ,8
3348,YYR,15
3349,YYT,22
3350,YYU,2
3351,YYY,8
3352,YYZ,319
3353,YZF,30
3354,YZG,2
3355,YZP,1
3356,YZR,1
3357,YZS,6
3358,YZT,2
3359,YZV,22
3360,YZY,3
3361,YZZ,1
3362,ZAD,26
3363,ZAG,42
3364,ZAH,11
3365,ZAL,2
3366,ZAM,6
3367,ZAT,3
3368,ZAZ,8
3369,ZBF,1
3370,ZBL,1
3371,ZBR,6
3372,ZCL,7
3373,ZCO,3
3374,ZDY,1
3375,ZEL,3
3376,ZEM,2
3377,ZFM,1
3378,ZFN,2
3379,ZGS,6
3380,ZGU,3
3381,ZHA,19
3382,ZHY,2
3383,ZIG,2
3384,ZIH,9
3385,ZKE,2
3386,ZKG,2
3387,ZLO,7
3388,ZLT,2
3389,ZMT,1
3390,ZNE,2
3391,ZNZ,11
3392,ZOS,1
3393,ZPB,2
3394,ZQN,7
3395,ZQW,5
3396,ZQZ,2
3397,ZRH,247
3398,ZRJ,2
3399,ZSA,4
3400,ZSE,3
3401,ZSJ,3
3402,ZTB,2
3403,ZTH,16
3404,ZUH,60
3405,ZUM,2
3406,ZVK,3
3407,ZYI,15
3408,ZYL,4
