,City,Direct_flights_count
0,Herat,6
1,Kabul,28
2,Kandahar,5
3,Mazar-i-sharif,4
4,Tirana,36
5,Adrar,6
6,Algier,88
7,Annaba,9
8,Batna,4
9,Bejaja,6
10,Biskra,4
11,Bordj Badji Mokhtar,1
12,Béchar,1
13,Constantine,16
14,Djanet,2
15,Ech-cheliff,1
16,El Bayadh,1
17,El Golea,2
18,Ghardaia,4
19,Ghriss,2
20,Guemar,1
21,Hassi Messaoud,6
22,In Salah,2
23,Mecheria,1
24,Oran,34
25,Ouargla,5
26,Setif,8
27,Tamanrasset,4
28,Tebessa,1
29,Tiaret,1
30,Tilrempt,2
31,Tlemcen,6
32,Touggourt,1
33,Zarzaitine,2
34,Pago Pago,1
35,Cabinda,3
36,Catumbela,2
37,Huambo,3
38,Kuito,2
39,Luanda,46
40,Lubango,3
41,Luena,1
42,M'banza-congo,1
43,Malanje,2
44,Menongue,3
45,Mocamedes,1
46,Ondjiva,6
47,Saurimo,2
48,Soyo,3
49,The Valley,6
50,Antigua,35
51,Bahia Blanca,4
52,Buenos Aires,140
53,Catamarca,1
54,Comodoro Rivadavia,6
55,Cordoba,13
56,El Calafate,4
57,Esquel,3
58,Formosa,1
59,Iguazu Falls,4
60,Jujuy,2
61,La Rioja,1
62,Mar Del Plata,3
63,Mendoza,10
64,Neuquen,6
65,Parana,2
66,Posadas,1
67,Puerto Madryn,1
68,Resistencia,1
69,Rio Gallegos,6
70,Rio Grande,2
71,Rio Hondo,1
72,Rosario,7
73,Salta,6
74,San Carlos De Bariloche,7
75,San Juan,2
76,San Luis,1
77,San Martin Des Andes,1
78,San Rafael,2
79,Santa Fe,2
80,Santa Rosa,1
81,Santiago Del Estero,1
82,Trelew,6
83,Tucuman,2
84,Ushuaia,4
85,Viedma,1
86,Gyumri,1
87,Yerevan,45
88,Oranjestad,44
89,Adelaide,51
90,Albany,3
91,Albury,4
92,Alice Springs,11
93,Amberley,1
94,Argyle,1
95,Armidale,2
96,Aurukun,2
97,Avalon,1
98,Ballina Byron Bay,5
99,Barcaldine,1
100,Bathurst,2
101,Bedourie,2
102,Birdsville,2
103,Blackall,1
104,Boulia,2
105,Brisbane,152
106,Broken Hill,4
107,Broome,12
108,Brusselton,3
109,Bundaberg,2
110,Burketown,2
111,Burnie,3
112,Cairns,56
113,Canberra,13
114,Ceduna,1
115,Charlieville,4
116,Cloncurry,5
117,Coen,1
118,Coff's Harbour,4
119,Coober Pedy,1
120,Coolangatta,28
121,Cunnamulla,2
122,Darwin,46
123,Derby,2
124,Devonport,1
125,Doomadgee,3
126,Dubbo,3
127,Elcho Island,1
128,Emerald,2
129,Esperance,3
130,Flinders Island,1
131,Geraldton,3
132,Gladstone,4
133,Gove,4
134,Grafton,1
135,Griffith,2
136,Groote Eylandt,4
137,Hamilton Island,7
138,Hervey Bay,2
139,Hobart,9
140,Horn Island,1
141,Julia Creek,2
142,Kalgoorlie,5
143,Karratha,7
144,King Island,2
145,Kingscote,1
146,Kowanyama,2
147,Kununurra,8
148,Launceston,8
149,Learmonth,3
150,Lismore,1
151,Lockhart River,2
152,Longreach,2
153,Lord Howe Island,3
154,Mackay,7
155,Maningrida,3
156,Maroochydore,5
157,McArthur River Mine,1
158,Melbourne,138
159,Merimbula,3
160,Mildura,6
161,Milingimbi,1
162,Moranbah,3
163,Moree,1
164,Mornington Island,3
165,Moruya,2
166,Mount Gambier,2
167,Mount Isa,13
168,Narrandera,2
169,Newcastle,8
170,Newman,2
171,Normanton,2
172,Olympic Dam,1
173,Orange,1
174,Paraburdoo,3
175,Parkes,2
176,Perth,92
177,Pormpuraaw,2
178,Port Hedland,8
179,Port Lincoln,2
180,Port Macquarie,6
181,Portland,1
182,Prosserpine,3
183,Quilpie,2
184,Ravensthorpe,2
185,Richmond,1
186,Rockhampton,5
187,Roma,3
188,St George,2
189,Sydney,208
190,Tamworth,1
191,Taree,2
192,Thargomindah,1
193,Toowoomba,4
194,Townsville,16
195,Uluru,4
196,Wagga Wagga,3
197,Weipa,2
198,Whyalla,1
199,Windorah,2
200,Winton,2
201,Graz,19
202,Innsbruck,8
203,Klagenfurt,7
204,Linz,12
205,Salzburg,34
206,Vienna,308
207,Baku,64
208,Ganja,4
209,Lankaran,2
210,Nakhchivan,1
211,Qabala,1
212,Alice Town,2
213,Arthur's Town,3
214,Cat Island,3
215,Cockburn Town,4
216,Colonel Hill,2
217,Dead Man's Cay,2
218,Freeport,15
219,Governor's Harbor,4
220,Great Exuma,10
221,Marsh Harbor,14
222,Matthew Town,2
223,Mayaguana,2
224,Nassau,67
225,North Eleuthera,8
226,Port Nelson,1
227,Rock Sound,2
228,Spring Point,2
229,Stella Maris,2
230,Treasure Cay,2
231,Bahrain,84
232,Barisal,1
233,Chittagong,16
234,Cox's Bazar,3
235,Dhaka,74
236,Jessore,3
237,Rajshahi,1
238,Saidpur,2
239,Sylhet Osmani,4
240,Bridgetown,23
241,Minsk 2,54
242,Antwerp,2
243,Brussels,316
244,Charleroi,84
245,Liege,9
246,Ostend,1
247,Belize City,28
248,San Pedro,11
249,Cotonou,41
250,Bermuda,15
251,Thimphu,5
252,Cobija,2
253,Cochabamba,8
254,Guayaramerín,1
255,La Paz,26
256,Oruro,4
257,Potosi,2
258,Rerrenabaque,2
259,Riberalta,1
260,Santa Cruz,31
261,Sucre,6
262,Tarija,8
263,Trinidad,8
264,Uyuni,1
265,Yacuiba,4
266,Banja Luka,3
267,Mostar,1
268,Null,3
269,Sarajevo,16
270,Francistown,2
271,Gaberone,9
272,Kasane,4
273,Maun,7
274,Almeirim,3
275,Alta Floresta,1
276,Altamira,4
277,Aracaju,13
278,Aracatuba,2
279,Araguaina,4
280,Araracuara,1
281,Araxa,1
282,Barcelos,1
283,Barreiras,6
284,Bauru,3
285,Belem,36
286,Belo Horizonte,68
287,Boa Vista,3
288,Bointo,1
289,Bom Jesus Da Lapa,1
290,Brasilia,98
291,Cabo Frio,3
292,Cacador,2
293,Cacoal,1
294,Caldas Novas,2
295,Campina Grande,2
296,Campinas,57
297,Campo Grande,17
298,Campos,4
299,Cascavel,3
300,Caxias Do Sul,3
301,Chapeco,5
302,Coari,1
303,Conceicao Do Araguaia,1
304,Corumba,1
305,Criciuma,2
306,Cruzeiro do Sul,1
307,Cuiaba,33
308,Curitiba,43
309,Dourados,3
310,Eirunepe,1
311,Erechim,2
312,Fernando Do Noronha,3
313,Florianopolis,21
314,Fortaleza,36
315,Foz Do Iguacu,12
316,Goiania,21
317,Governador Valadares,1
318,Guanambi,1
319,Guarapuava,1
320,Gurupi,1
321,Ilheus,9
322,Imperatriz,7
323,Ipatinga,3
324,Itaituba,2
325,Ji-Paraná,2
326,Joacaba,3
327,Joao Pessoa,11
328,Joinville,5
329,Juazeiro Do Norte,5
330,Juiz de Fora,2
331,Lençóis,1
332,Londrina,11
333,Macapa,3
334,Macaé,4
335,Maceio,13
336,Manaus,32
337,Maraba,12
338,Maringa,10
339,Marília,2
340,Minacu,1
341,Montes Claros,3
342,Natal,16
343,Navegantes,7
344,Oriximina,1
345,Ourilandia do Norte,1
346,Palmas,7
347,Parauapebas,4
348,Parintins,1
349,Parnaiba,2
350,Passo Fundo,5
351,Patos de Minas,1
352,Paulo Alfonso,1
353,Pelotas,4
354,Petrolina,5
355,Porto Alegre,42
356,Porto Seguro,11
357,Porto Velho,9
358,President Prudente,2
359,Recife,36
360,Redencao,1
361,Ribeirao Preto,19
362,Rio Branco,5
363,Rio De Janeiro,128
364,Rio Verde,1
365,Rondonopolis,1
366,Salvador,58
367,Santa Isabel do Rio Negro,1
368,Santa Maria,4
369,Santa Rosa,1
370,Santa Terezinha,1
371,Santarem,15
372,Santo Angelo,2
373,Sao Felix do Araguaia,1
374,Sao Felix do Xingu,1
375,Sao Gabriel,1
376,Sao Jose Do Rio Preto,8
377,Sao Jose Dos Campos,3
378,Sao Luis,16
379,Sao Paulo,240
380,Sao Paulo de Olivenca,1
381,Sinop,3
382,Tabatinga,1
383,Tefe,5
384,Teresina,11
385,Tucurui,1
386,Uberaba,4
387,Uberlandia,15
388,Uruguaiana,1
389,Vilhena,1
390,Vitoria,16
391,Vitória Da Conquista,6
392,Spanish Town,4
393,Tortola,12
394,Bandar Seri Begawan,23
395,Bourgas,12
396,Plovdiv,2
397,Sofia,66
398,Varna,9
399,Bobo-dioulasso,2
400,Ouagadougou,33
401,Bagan,7
402,Dawei,2
403,Heho,7
404,Kawthoung,1
405,Kengtung,1
406,Kyaukpyu,1
407,Mandalay,17
408,Myeik,2
409,Myitkyina,4
410,Naypyidaw,2
411,Putao,1
412,Sittwe,3
413,Tachilek,5
414,Thandwe,2
415,Yangon,49
416,Bujumbura,13
417,Phnom-penh,29
418,Siem-reap,42
419,Sihanoukville,1
420,Douala,51
421,Garoua,2
422,Maroua,1
423,N'gaoundere,1
424,Yaounde,17
425,Abbotsford,2
426,Akulivik,2
427,Anahim Lake,1
428,Angling Lake,2
429,Arctic Bay,2
430,Attawapiskat,2
431,Aupaluk,3
432,Bagotville,4
433,Baie Comeau,6
434,Baker Lake,6
435,Bathurst,1
436,Bearskin Lake,4
437,Bella Coola,2
438,Big Trout Lake,4
439,Bonaventure,3
440,Brandon,1
441,Broughton Island,2
442,Calgary,115
443,Cambridge Bay,6
444,Campbell River,6
445,Cape Dorset,3
446,Castlegar,2
447,Cat Lake,2
448,Charlo,2
449,Charlottetown,4
450,Chesterfield Inlet,6
451,Chevery,4
452,Chibougamau,3
453,Chisasibi,4
454,Churchill,8
455,Churchill Falls,2
456,Clyde River,4
457,Comox,7
458,Coppermine,5
459,Coral Harbour,6
460,Cranbrook,4
461,Dawson Creek,2
462,Deer Lake,8
463,Deline,2
464,Dryden,4
465,Eastmain River,2
466,Edmonton,68
467,Eskimo Point,7
468,Flin Flon,4
469,Fort Albany,2
470,Fort Chipewyan,2
471,Fort Frances,2
472,Fort Good Hope,2
473,Fort Hope,3
474,Fort Mcmurray,12
475,Fort Mcpherson,1
476,Fort Nelson,3
477,Fort Saint John,6
478,Fort Severn,3
479,Fort Simpson,2
480,Fort Smith,4
481,Fredericton,4
482,Gamètì,1
483,Gander,3
484,Gaspe,2
485,Gillam,2
486,Gjoa Haven,4
487,Goose Bay,15
488,Grande Prairie,4
489,Grise Fiord,1
490,Halifax,43
491,Hall Beach,4
492,Hamilton,4
493,Havre-Saint-Pierre,3
494,Hay River,3
495,High Level,2
496,Holman Island,3
497,Hopedale,4
498,Igloolik,5
499,Iles De La Madeleine,3
500,Inukjuak,3
501,Inuvik,8
502,Iqaluit,18
503,Ivujivik,2
504,Kamloops,5
505,Kangiqsualujjuaq,1
506,Kangiqsujuaq,2
507,Kangirsuk,3
508,Kapuskasing,2
509,Kasabonika,2
510,Kashechewan,2
511,Keewaywin,1
512,Kegaska,2
513,Kelowna,15
514,Kenora,3
515,Kimmirut,1
516,Kingfisher Lake,2
517,Kingston,1
518,Kuujjuarapik,7
519,La Grande Riviere,3
520,La Romaine,6
521,La Tabatière,2
522,Lansdowne House,2
523,Lethbridge,1
524,Lloydminster,1
525,London,6
526,Lourdes-De-Blanc-Sablon,3
527,Lutselk'e,1
528,Makkovik,4
529,Masset,1
530,Medicine Hat,1
531,Moncton,10
532,Mont Joli,8
533,Montreal,189
534,Moosonee,3
535,Muskrat Dam,4
536,Nain,4
537,Nanaimo,2
538,Natashquan,6
539,Natuashish,4
540,Nemiscau,2
541,Norman Wells,6
542,North Bay,2
543,North Spirit Lake,2
544,Ogoki Post,1
545,Ottawa,45
546,Pangnirtung,4
547,Paulatuk,1
548,Peawanuck,1
549,Penticton,1
550,Pickle Lake,1
551,Pikangikum,5
552,Pond Inlet,3
553,Poplar Hill,2
554,Port Hardy,2
555,Port Menier,2
556,Postville,4
557,Powell River,1
558,Prince George,10
559,Prince Pupert,2
560,Puvirnituq,4
561,Quaqtaq,2
562,Quebec,28
563,Quesnel,4
564,Quujjuaq,10
565,Rainbow Lake,2
566,Rankin Inlet,24
567,Red Deer Industrial,3
568,Red Lake,7
569,Regina,16
570,Repulse Bay,3
571,Resolute,2
572,Rigolet,2
573,Round Lake,2
574,Rouyn,5
575,Sachigo Lake,2
576,Sachs Harbour,2
577,Salluit,2
578,Sandspit,1
579,Sandy Lake,3
580,Sanikiluaq,3
581,Sarnia,1
582,Saskatoon,15
583,Sault Sainte Marie,4
584,Schefferville,5
585,Sept-iles,22
586,Sioux Lookout,18
587,Smithers,4
588,Spence Bay,4
589,St-Augustin,4
590,St. Anthony,3
591,St. John,3
592,St. John's,22
593,Stephenville,1
594,Sudbury,6
595,Summer Beaver,1
596,Sydney,2
597,Tasiujaq,2
598,Terrace,5
599,The Pas,5
600,Thompson,6
601,Thunder Bay,13
602,Timmins,5
603,Toronto,333
604,Trail,1
605,Tuktoyaktuk,1
606,Tulita,2
607,Tête-à-la-Baleine,2
608,Umiujaq,3
609,Val D'or,7
610,Vancouver,158
611,Victoria,15
612,Wabush,16
613,Waskaganish,6
614,Waterloo,3
615,Webequie,2
616,Wekweeti,1
617,Wemindji,2
618,Whale Cove,5
619,Whatì,1
620,Whitehorse,5
621,Williams Lake,5
622,Windsor,3
623,Winnipeg,41
624,Wunnumin Lake,3
625,Yellowknife,30
626,Amilcar Cabral,20
627,Boa Vista,12
628,Maio,1
629,"Praia, Santiago Island",17
630,"Sao Filipe, Fogo Island",1
631,Sao Nocolau Island,2
632,Sao Vicente Island,5
633,Cayman Brac,2
634,Georgetown,25
635,Little Cayman,2
636,Bangui,3
637,N'djamena,9
638,Antofagasta,11
639,Arica,5
640,Balmaceda,4
641,Calama,6
642,Castro,1
643,Concepcion,6
644,Copiapo,4
645,Easter Island,2
646,Iquique,9
647,La Serena,7
648,Osorno,1
649,Puerto Montt,10
650,Punta Arenas,7
651,Santiago,79
652,Temuco,3
653,Valdivia,2
654,Aksu,6
655,Altay,2
656,Anqing,7
657,Anshan,3
658,Anshun,4
659,Arxan,1
660,Baise,3
661,Baishan,5
662,Bangda,3
663,Baoshan,2
664,Baotou,29
665,Bayannur,5
666,Beihai,20
667,Beijing,615
668,Bijie,8
669,Bole,1
670,Changcha,189
671,Changchun,64
672,Changde,8
673,Changzhi,16
674,Changzhou,37
675,Chaoyang,3
676,Chengdu,324
677,Chifeng,15
678,Chizhou,7
679,Chongqing,270
680,Dali,7
681,Dalian,142
682,Dandong,5
683,Daocheng,4
684,Daqing,5
685,Datong,11
686,Dayong,21
687,Dazhou,9
688,Dongsheng,25
689,Dongying,6
690,Dunhuang,7
691,Enshi,4
692,Erenhot,2
693,Foshan,2
694,Fuyang,11
695,Fuzhou,133
696,Ganzhou,13
697,Golmud,2
698,Guangyuan,8
699,Guangzhou,338
700,Guilin,107
701,Guiyang,137
702,Haikou,108
703,Hailar,18
704,Hami,10
705,Handan,6
706,Hangzhou,252
707,Harbin,129
708,Hefei,77
709,Heihe,3
710,Hohhot,87
711,Hotan,6
712,Huai An,12
713,Huangshan,26
714,Huangyan,14
715,Jiagedaqi District,4
716,Jiamusi,10
717,Jian,9
718,Jiayuguan,7
719,Jinan,135
720,Jinchuan,6
721,Jingdezhen,16
722,Jinghonggasa,24
723,Jining,10
724,Jinzhou,5
725,Jiujiang,6
726,Jiuzhaigou,16
727,Jixi,6
728,Kangding,1
729,Karamay,2
730,Kashi,13
731,Korla,10
732,Kunming,273
733,Kuqa,2
734,Lanzhou,84
735,Lhasa,30
736,Lianyungang,16
737,Libo,1
738,Lijiang,65
739,Lincang,2
740,Linyi,18
741,Liping,3
742,Liuzhou,14
743,Longyan,1
744,Luoyang,9
745,Luxi,6
746,Luzhou,13
747,Manzhouli,11
748,Meixian,5
749,Mianyang,22
750,Mohe County,3
751,Mudanjiang,10
752,Nanchang,86
753,Nanchong,6
754,Nanjing,165
755,Nanning,114
756,Nanyang,8
757,Ninbo,84
758,Nyingchi,5
759,Panzhihua,4
760,Qianjiang,7
761,Qingdao,188
762,Qingyang,6
763,Qinhuangdao,7
764,Qiqihar,8
765,Quanzhou,44
766,Quzhou,6
767,Sanya,109
768,Shanghai,616
769,Shangri-La,7
770,Shantou,35
771,Shenyang,136
772,Shenzhen,234
773,Shijiazhuang,82
774,Shiquanhe,2
775,Simao,3
776,Tacheng,2
777,Taiyuan,110
778,Tengchong,5
779,Tianjin,147
780,Tongliao,13
781,Tongren,5
782,Ulanhot,7
783,Urumqi,153
784,Wanxian,12
785,Weifang,7
786,Wenzhou,81
787,Wuhai,8
788,Wuhan,187
789,Wuxi,47
790,Wuyishan,15
791,Wuzhou,3
792,Xi'an,283
793,Xiahe city,2
794,Xiamen,233
795,Xiangfan,13
796,Xichang,5
797,Xilinhot,7
798,Xingyi,6
799,Xining,49
800,Xinyuan,2
801,Xuzhou,20
802,Yan'an,5
803,Yancheng,17
804,Yangzhou,18
805,Yanji,14
806,Yantai,56
807,Yibin,10
808,Yichang,24
809,Yichun,6
810,Yinchun,2
811,Yining,4
812,Yiwu,18
813,Yongzhou,3
814,Yulin,12
815,Yuncheng,29
816,Yushu,2
817,Zhangjiakou,2
818,Zhangye,3
819,Zhanjiang,19
820,Zhaotong,3
821,Zhengzhou,174
822,Zhijiang,3
823,Zhongwei,2
824,Zhoushan,13
825,Zhuhai,60
826,Zunyi,15
827,Christmas Island,2
828,Cocos Keeling Island,1
829,Araracuara,2
830,Arauca,2
831,Armenia,2
832,Bahia Solano,1
833,Barrancabermeja,1
834,Barranquilla,10
835,Bogota,152
836,Bucaramanga,5
837,Buenaventura,2
838,Cali,30
839,Carepa,4
840,Cartagena,12
841,Corozal,2
842,Cucuta,4
843,Florencia,2
844,Guapi,2
845,Ibague,3
846,Ipiales,1
847,La Pedrera,1
848,Leticia,6
849,Manizales,1
850,Medellin,11
851,Mitu,3
852,Monteria,3
853,Neiva,2
854,Nuquí,1
855,Pasto,3
856,Pereira,6
857,Popayan,1
858,Providencia,1
859,Puerto Asis,4
860,Puerto Carreno,3
861,Puerto Inírida,3
862,Puerto Leguízamo,1
863,Quibdo,6
864,Rio Hacha,1
865,Rio Negro,26
866,San Andres Island,11
867,San Jose Del Guaviare,2
868,San Vincente De Caguan,2
869,Santa Marta,4
870,Saravena,2
871,Tame,2
872,Tumaco,1
873,Valledupar,2
874,Villa Garzon,1
875,Villavicencio,8
876,Yopal,2
877,Moroni,10
878,Brazzaville,25
879,Oyo,1
880,Pointe-noire,18
881,Beni,2
882,Boende,1
883,Bukavu/kavumu,2
884,Bunia,3
885,Gemena,1
886,Goma,3
887,Isiro,1
888,Kananga,3
889,Kindu,2
890,Kinshasa,27
891,Kisangani,2
892,Kongolo,1
893,Lodja,1
894,Lubumashi,10
895,Mbandaka,2
896,Mbuji-mayi,2
897,Tshikapa,2
898,Aitutaki,3
899,Atiu Island,1
900,Avarua,14
901,Mangaia Island,1
902,Mauke Island,1
903,Mitiaro Island,1
904,Golfito,3
905,La Fortuna/San Carlos,3
906,Liberia,24
907,Nicoya,3
908,Nosara Beach,1
909,Palmar Sur,3
910,Puerto Jimenez,4
911,Puntarenas,3
912,Quepos,4
913,Roxana,1
914,San Jose,77
915,Abidjan,49
916,Brac,1
917,Dubrovnik,60
918,Osijek,4
919,Pula,15
920,Rijeka,7
921,Split,49
922,Zadar,26
923,Zagreb,42
924,Camaguey,3
925,Cayo Largo del Sur,3
926,Cunagua,6
927,Guantanamo,1
928,Havana,45
929,Holguin,11
930,Santa Clara,9
931,Santiago De Cuba,5
932,Varadero,13
933,Larnaca,93
934,Nicosia,14
935,Paphos,42
936,Brno,1
937,Karlovy Vary,5
938,Ostrava,4
939,Pardubice,2
940,Prague,180
941,Aalborg,20
942,Aarhus,8
943,Billund,47
944,Copenhagen,229
945,Esbjerg,2
946,Karup,1
947,Ronne,1
948,Soenderborg,1
949,Djibouti,23
950,Dominica,17
951,La Isabela,3
952,La Romana,10
953,Puerto Plata,16
954,Punta Cana,73
955,Samana,6
956,Santiago,11
957,Santo Domingo,45
958,Dili,4
959,Coca,3
960,Cuenca,3
961,Esmeraldas,3
962,Galapagos,2
963,Guayaquil,35
964,La Toma (Catamayo),2
965,Latacunga,2
966,Macas,1
967,Manta,1
968,Quito,39
969,San Cristóbal,4
970,Santa Rosa,1
971,Tena,1
972,Abu Simbel,1
973,Alexandria,42
974,Aswan,4
975,Asyut,6
976,Cairo,151
977,Hurghada,40
978,Luxor,10
979,Marsa Alam,6
980,Sharm El Sheikh,38
981,Sohag,9
982,San Salvador,53
983,Bata,2
984,Malabo,14
985,Asmara,7
986,Massawa,1
987,Kuressaare,1
988,Tallinn-ulemiste International,38
989,Tartu,2
990,Addis Ababa,105
991,Arba Minch,1
992,Asosa,1
993,Axum,2
994,Bahar Dar,2
995,Dire Dawa,3
996,Gambella,2
997,Gode,1
998,Gondar,2
999,Jijiga,3
1000,Jimma,2
1001,Lalibella,3
1002,Makale,3
1003,Mount Pleasant,1
1004,Vagar,4
1005,Cicia,1
1006,Lakeba Island,1
1007,Lambasa,2
1008,Matei,3
1009,Nandi,43
1010,Nausori,12
1011,Rotuma,1
1012,Savusavu,3
1013,Vanua Balavu,1
1014,Vunisea,2
1015,Helsinki,159
1016,Ivalo,2
1017,Joensuu,1
1018,Jyvaskyla,3
1019,Kajaani,2
1020,Kemi,2
1021,Kittila,2
1022,Kruunupyy,3
1023,Kuopio,1
1024,Kuusamo,1
1025,Lappeenranta,3
1026,Mariehamn,4
1027,Oulu,4
1028,Pori,3
1029,Rovaniemi,2
1030,Savonlinna,2
1031,Tampere,12
1032,Turku,8
1033,Vaasa,5
1034,Agen,2
1035,Ajaccio,39
1036,Angouleme,1
1037,Aurillac,1
1038,Avignon,2
1039,Bastia,36
1040,Beauvais,60
1041,Bergerac,11
1042,Beziers,9
1043,Biarritz-bayonne,14
1044,Bordeaux,67
1045,Brest,17
1046,Brive,5
1047,Caen,4
1048,Calvi,20
1049,Carcassonne,10
1050,Castres,3
1051,Chalons,2
1052,Clermont-Ferrand,9
1053,Deauville,2
1054,Dijon,1
1055,Dinard,3
1056,Dole,3
1057,Figari,14
1058,Gustavia,11
1059,Hyeres,3
1060,La Rochelle,10
1061,Lannion,1
1062,Le Havre,1
1063,Le Puy,1
1064,Lille,40
1065,Limoges,11
1066,Lorient,2
1067,Lyon,135
1068,Marseille,136
1069,Metz,5
1070,Montpellier,24
1071,Mulhouse,95
1072,Nantes,92
1073,Nice,135
1074,Nimes,4
1075,Paris,725
1076,Pau,5
1077,Perigueux,2
1078,Perpignan,5
1079,Poitiers,7
1080,Quimper,1
1081,Rennes,13
1082,Rodez,4
1083,St-Etienne,5
1084,Strasbourg,34
1085,Tarbes,5
1086,Toulouse,78
1087,Tours,5
1088,Cayenne,7
1089,Ahe,2
1090,Arutua,1
1091,Bora Bora,7
1092,Fakarava,2
1093,Hao Island,2
1094,Hiva-oa,4
1095,Huahine Island,4
1096,Kauehi,1
1097,Kaukura Atoll,1
1098,Makemo,1
1099,Manihi,3
1100,Mataiva,2
1101,Maupiti,3
1102,Moorea,4
1103,Nuku Hiva,4
1104,Papeete,38
1105,Raiatea Island,4
1106,Raivavae,2
1107,Rangiroa,5
1108,Rimatara,2
1109,Rurutu,2
1110,Takapoto,1
1111,Takaroa,3
1112,Tikehau,2
1113,Totegegie,1
1114,Tubuai,3
1115,Ua Huka,3
1116,Ua Pou,3
1117,Libreville,24
1118,Port Gentil,1
1119,Banjul,13
1120,Batumi,6
1121,Kutaisi,8
1122,Tbilisi,34
1123,Augsburg,1
1124,Berlin,291
1125,Bremen,50
1126,Cologne,134
1127,Dortmund,33
1128,Dresden,22
1129,Duesseldorf,285
1130,Erfurt,6
1131,Frankfurt,497
1132,Friedrichshafen,13
1133,Hahn,47
1134,Hamburg,162
1135,Hannover,76
1136,Heringsdorf,5
1137,Karlsruhe/Baden-Baden,20
1138,Kassel,2
1139,Laage,5
1140,Leipzig,40
1141,Luebeck,4
1142,Mannheim,1
1143,Memmingen,23
1144,Munich,368
1145,Munster,11
1146,Nuernberg,48
1147,Paderborn,11
1148,Saarbruecken,9
1149,Stuttgart,137
1150,Weeze,38
1151,Westerland,8
1152,Zweibruecken,5
1153,Accra,54
1154,Kumasi,4
1155,Sunyani,1
1156,Takoradi,2
1157,Tamale,3
1158,Gibraltar,6
1159,Alexandroupolis,3
1160,Astypalaia,4
1161,Athens,197
1162,Chania,44
1163,Chios,6
1164,Cyclades Islands,2
1165,Heraklion,110
1166,Ikaria,3
1167,Ioannina,2
1168,Kalamata,10
1169,Kalymnos,6
1170,Karpathos,6
1171,Kasos,4
1172,Kastelorizo,2
1173,Kastoria,1
1174,Kavala,6
1175,Keffallinia,6
1176,Kerkyra/corfu,50
1177,Kithira,4
1178,Kos,43
1179,Leros,6
1180,Limnos,5
1181,Milos,2
1182,Mykonos,13
1183,Mytilini,10
1184,Nea Anghialos,5
1185,Paros,2
1186,Patras,3
1187,Preveza,11
1188,Rhodos,82
1189,Samos,9
1190,Sitia,5
1191,Skiathos,2
1192,Skiros,3
1193,Syros Island,2
1194,Thessaloniki,87
1195,Thira,15
1196,Zakynthos,16
1197,Aasiaat,3
1198,Alluitsup Paa,2
1199,Eqalugaarsuit,1
1200,Godthaab,9
1201,Ilulissat,5
1202,Ittoqqortoormiit,1
1203,Maniitsoq,2
1204,Nanortalik,4
1205,Narsaq,3
1206,Narssarssuaq,5
1207,Neerlerit Inaat,2
1208,Paamiut,2
1209,Qaanaaq,3
1210,Qaqortoq,7
1211,Sisimiut,3
1212,Sondrestrom,8
1213,Thule,2
1214,Upernavik,9
1215,Uummannaq,9
1216,Point Salines,14
1217,Pointe-a-pitre,29
1218,St. Martin,4
1219,Agana,35
1220,Flores,3
1221,Guatemala City,37
1222,Alderney,2
1223,Guernsey,18
1224,Conakry,18
1225,Bissau,7
1226,Georgetown,9
1227,Cap Haitien,3
1228,Port-au-prince,24
1229,Guanaja,1
1230,La Ceiba,8
1231,Puerto Lempira,2
1232,Roatan,15
1233,San Pedro Sula,23
1234,Tegucigalpa,18
1235,Hong Kong,355
1236,Budapest,98
1237,Debrecen,2
1238,Akureyri,1
1239,Egilsstadir,1
1240,Isafjordur,1
1241,Keflavik,45
1242,Reykjavik,5
1243,Agartala,8
1244,Agatti Island,1
1245,Agra,2
1246,Ahmedabad,35
1247,Aizwal,6
1248,Allahabad,2
1249,Amritsar,9
1250,Aurangabad,5
1251,Baghdogra,16
1252,Bangalore,97
1253,Baroda,5
1254,Belgaum,1
1255,Bhaunagar,2
1256,Bhopal,6
1257,Bhubaneswar,9
1258,Bhuj,2
1259,Calicut,31
1260,Chandigarh,9
1261,Coimbatore,17
1262,Dehra Dun,5
1263,Delhi,264
1264,Dimapur,2
1265,Diu,2
1266,Goa,29
1267,Gorakhpur,2
1268,Guwahati,31
1269,Gwalior,1
1270,Hubli,2
1271,Hyderabad,74
1272,Imphal,9
1273,Indore,16
1274,Jabalpur,3
1275,Jaipur,17
1276,Jammu,12
1277,Jamnagar,1
1278,Jodhpur,6
1279,Kangra,2
1280,Kanpur,1
1281,Khajuraho,1
1282,Kochi,59
1283,Kolkata,97
1284,Kulu,1
1285,Leh,6
1286,Lucknow,18
1287,Ludhiaha,1
1288,Madras,107
1289,Madurai,8
1290,Mangalore,15
1291,Mohanbari,6
1292,Mumbai,227
1293,Mysore,1
1294,Nagpur,15
1295,Patina,12
1296,Porbandar,2
1297,Port Blair,11
1298,Pune,33
1299,Raipur,12
1300,Rajahmundry,3
1301,Rajkot,3
1302,Ranchi,11
1303,Shillong,1
1304,Silchar,7
1305,Srinagar,14
1306,Surat,3
1307,Tiruchirappalli,9
1308,Tirupeti,2
1309,Trivandrum,42
1310,Udaipur,7
1311,Varanasi,10
1312,Vijayawada,3
1313,Vishakhapatnam,18
1314,Ambon,14
1315,Babo,1
1316,Balikpapan,36
1317,Banda Aceh,5
1318,Bandar Lampung-Sumatra Island,5
1319,Bandung,21
1320,Banjarmasin,15
1321,Batam,27
1322,Bau-Bau,1
1323,Bengkulu,5
1324,Biak,4
1325,Bima,3
1326,Denpasar,100
1327,Dobo,1
1328,Ende,4
1329,Fak Fak,3
1330,Gorontalo,4
1331,Jakarta,185
1332,Jambi,6
1333,Jayapura,17
1334,Kaimana,3
1335,Kao,1
1336,Kendari,4
1337,Ketapang,2
1338,Kupang,10
1339,Labuhan Bajo,4
1340,Langgur-Kei Islands,3
1341,Luwuk,2
1342,Malang,3
1343,Manado,21
1344,Manokwari,7
1345,Maumere,3
1346,Melonguane,1
1347,Merauke,3
1348,Nabire,3
1349,Naha,1
1350,Oksibil,1
1351,Padang,7
1352,Palangkaraya,3
1353,Palembang,14
1354,Palu,8
1355,Pangkal Pinang,7
1356,Pangkalan Bun,7
1357,Pekanbaru,18
1358,Pontianak,6
1359,Poso,1
1360,Praya,16
1361,Ranai-Natuna Besar Island,1
1362,Saumlaki,1
1363,Semarang,17
1364,Solo City,8
1365,Sorong,8
1366,Surabaya,65
1367,Tanjung Pandan,4
1368,Tanjung Pinang,3
1369,Tanjung Redep-Borneo Island,3
1370,Taraken,7
1371,Ternate,8
1372,Timika,4
1373,Ujung Pandang,56
1374,Waikabubak-Sumba Island,3
1375,Waingapu,1
1376,Wamena,1
1377,Yogyakarta,29
1378,Abadan,6
1379,Ahwaz,24
1380,Ardabil,3
1381,Bakhtaran,6
1382,Bam,1
1383,Bandar Abbas,19
1384,Bandar Lengeh,2
1385,Bandar Mahshahr,2
1386,Birjand,2
1387,Bojnourd,1
1388,Bushehr,5
1389,Chah Bahar,6
1390,Dasht-e-naz,6
1391,Dezful,1
1392,Esfahan,20
1393,Gachsaran,1
1394,Gorgan,6
1395,Hamadan,1
1396,Ilam,1
1397,Kerman,4
1398,Khalije Fars,5
1399,Khorram Abad,1
1400,Khoy,1
1401,Kish Island,16
1402,Lamerd,3
1403,Lar,6
1404,Mashhad,65
1405,Noshahr,2
1406,Parsabad,1
1407,Ramsar,2
1408,Rasht,10
1409,Sabzevar,1
1410,Sanandaj,1
1411,Shiraz,39
1412,Siri Island,1
1413,Tabriz,15
1414,Teheran,62
1415,Tehran,60
1416,Uromiyeh,3
1417,Yasuj,1
1418,Yazd,7
1419,Zabol,1
1420,Zahedan,11
1421,Baghdad,14
1422,Basrah,8
1423,Erbil,30
1424,Mosul,3
1425,Najaf,11
1426,Sulaymaniyah,10
1427,Connaught,15
1428,Cork,34
1429,Dongloe,2
1430,Dublin,207
1431,Kerry,6
1432,Shannon,29
1433,Waterford,2
1434,Isle Of Man,11
1435,Elat,5
1436,Haifa,2
1437,Ovda,1
1438,Tel-aviv,139
1439,Alghero,31
1440,Ancona,10
1441,Bari,50
1442,Bergamo,81
1443,Bologna,88
1444,Bolzano,2
1445,Brindisi,22
1446,Cagliari,43
1447,Catania,115
1448,Comiso,8
1449,Cuneo,5
1450,Florence,53
1451,Genoa,20
1452,Lamezia,25
1453,Lampedusa,3
1454,Marina Di Campo,5
1455,Milan,60
1456,Milano,192
1457,Naples,79
1458,Olbia,52
1459,Palermo,63
1460,Pantelleria,3
1461,Parma,4
1462,Perugia,5
1463,Pescara,9
1464,Pisa,76
1465,Reggio Calabria,6
1466,Rimini,3
1467,Rome,380
1468,Ronchi De Legionari,11
1469,Torino,44
1470,Trapani,28
1471,Treviso,38
1472,Venice,122
1473,Villafranca,39
1474,Kingston,30
1475,Montego Bay,45
1476,Akita,8
1477,Amami,2
1478,Aomori,5
1479,Asahikawa,7
1480,Fukue,4
1481,Fukuoka,85
1482,Fukushima,4
1483,Hachijojima,1
1484,Hakodate,10
1485,Hanamaki,4
1486,Hiroshima,17
1487,Ibaraki,5
1488,Iki,2
1489,Ishigaki,14
1490,Iwakuni,1
1491,Iwami,1
1492,Izumo,1
1493,Kagoshima,18
1494,Kanazawa,17
1495,Kitakyushu,3
1496,Kobe,12
1497,Kochi,4
1498,Kumamoto,9
1499,Kumejima,1
1500,Kushiro,5
1501,Matsumoto,2
1502,Matsuyama,12
1503,Memanbetsu,6
1504,Miho,8
1505,Misawa,2
1506,Miyako,5
1507,Miyazaki,11
1508,Monbetsu,1
1509,Nagasaki,17
1510,Nagoya,90
1511,Nakashibetsu,2
1512,Nanki-shirahama,1
1513,Niigata,16
1514,Obihiro,3
1515,Odate Noshiro,1
1516,Oita,9
1517,Okayama,13
1518,Okinawa,61
1519,Osaka,194
1520,Oshima,1
1521,Saga,3
1522,Sapporo,81
1523,Sendai,31
1524,Shonai,1
1525,Takamatsu,8
1526,Tokushima,2
1527,Tokyo,443
1528,Tottori,1
1529,Toyama,9
1530,Tsushima,3
1531,Wajima,1
1532,Wakkanai,2
1533,Yamagata,3
1534,Yamaguchi,3
1535,Jersey,38
1536,Amman,111
1537,Aqaba,2
1538,Aktau,21
1539,Aktyubinsk,7
1540,Alma-ata,67
1541,Atyrau,10
1542,Chimkent,10
1543,Dzhambul,4
1544,Karaganda,7
1545,Kokshetau,2
1546,Kostanay,3
1547,Kzyl-Orda,4
1548,Pavlodar,3
1549,Petropavlosk,2
1550,Semiplatinsk,3
1551,Tselinograd,52
1552,Uralsk,3
1553,Ust Kamenogorsk,8
1554,Zhezkazgan,2
1555,Amboseli National Park,2
1556,Eldoret,3
1557,Kisumu,3
1558,Kitale,1
1559,Lamu,4
1560,Lodwar,1
1561,Lokichoggio,1
1562,Malindi,5
1563,Masai Mara,3
1564,Mombasa,14
1565,Nairobi,149
1566,Nanyuki,4
1567,Samburu South,3
1568,Ukunda,3
1569,Wajir,5
1570,Kiritimati,4
1571,Tarawa,3
1572,Kuwait,120
1573,Bishkek,45
1574,Osh,31
1575,Huay Xai,1
1576,Luang Namtha,1
1577,Luang Prabang,13
1578,Muang Xay,1
1579,Pakse,5
1580,Phon Savan,1
1581,Savannakhet,3
1582,Vientiane,25
1583,Riga,101
1584,Beirut,67
1585,Maseru,1
1586,Monrovia,18
1587,Al Bayda',3
1588,Benghazi,25
1589,Ghadames,1
1590,Ghat,1
1591,Kufra,3
1592,Sirt,2
1593,Tobruk,4
1594,Tripoli,48
1595,Kaunas,19
1596,Palanga,3
1597,Vilnius,58
1598,Luxemburg,70
1599,Macau,79
1600,Skopje,24
1601,Antalaha,3
1602,Antananarivo,27
1603,Antsiranana,5
1604,Mahajanga,3
1605,Mananara,1
1606,Maroantsetra,4
1607,Morondava,2
1608,Nosy-be,4
1609,Sainte Marie,3
1610,Sambava,3
1611,Toamasina,7
1612,Tolagnaro,2
1613,Toliara,3
1614,Blantyre,5
1615,Lilongwe,12
1616,Alor Setar,5
1617,Bakalalan,1
1618,Bario,2
1619,Bintulu,7
1620,Ipoh,2
1621,Johor Bahru,18
1622,Kerteh,2
1623,Kota Bahru,14
1624,Kota Kinabalu,52
1625,Kuala Lumpur,286
1626,Kuala Terengganu,7
1627,Kuantan,5
1628,Kuching,26
1629,Kudat,2
1630,Labuan,4
1631,Lahad Datu,1
1632,Langkawi,17
1633,Lawas,3
1634,Limbang,1
1635,Long Akah,2
1636,Long Datih,2
1637,Long Seridan,2
1638,Marudi,6
1639,Miri,24
1640,Mukah,2
1641,Mulu,6
1642,Penang,42
1643,Redang,2
1644,Sandakan,6
1645,Sibu,9
1646,Tawau,7
1647,DHARAVANDHOO,2
1648,Gan Island,3
1649,Haa Dhaalu Atoll,2
1650,Kaadedhdhoo,2
1651,Kooddoo,2
1652,Laamu Atoll,2
1653,Male,44
1654,Bamako,28
1655,Malta,113
1656,Kwajalein,3
1657,Majuro,4
1658,Fort-de-france,23
1659,Nouadhibou,4
1660,Nouakschott,12
1661,Zouerat,3
1662,Plaisance,41
1663,Rodriguez Island,1
1664,Dzaoudzi,15
1665,Acapulco,8
1666,Aguascalientes,9
1667,Campeche,2
1668,Cancun,157
1669,Chetumal,1
1670,Chihuahua,16
1671,Ciudad Del Carmen,3
1672,Ciudad Juarez,12
1673,Ciudad Obregon,5
1674,Ciudad Victoria,2
1675,Colima,3
1676,Cozumel,16
1677,Culiacan,16
1678,Del Bajio,14
1679,Durango,5
1680,Guadalajara,93
1681,Hermosillo,25
1682,Huatulco,3
1683,Jalapa,2
1684,La Paz,10
1685,Lazard Cardenas,2
1686,Loreto,1
1687,Los Mochis,5
1688,Manzanillo,7
1689,Matamoros,2
1690,Mazatlan,15
1691,Merida,15
1692,Mexicali,4
1693,Mexico City,243
1694,Minatitlan,2
1695,Monterrey,72
1696,Morelia,10
1697,Nuevo Laredo,1
1698,Oaxaca,6
1699,Palenque,1
1700,Piedras Negras,2
1701,Poza Rico,6
1702,Puebla,7
1703,Puerto Escondido,3
1704,Puerto Vallarta,47
1705,Queretaro,7
1706,Reynosa,8
1707,Saltillo,2
1708,San Jose Del Cabo,51
1709,San Luis Potosi,8
1710,Tampico,7
1711,Tapachula,2
1712,Tepic,3
1713,Tijuana,42
1714,Toluca,13
1715,Torreon,10
1716,Tuxtla Gutierrez,8
1717,Uruapan,2
1718,Vera Cruz,16
1719,Villahermosa,13
1720,Zacatecas,7
1721,Zihuatanejo,9
1722,Chuuk,2
1723,Kosrae,2
1724,Pohnpei,3
1725,Yap,2
1726,Chisinau,34
1727,Altai,1
1728,Bayankhongor,2
1729,Choibalsan,4
1730,Khovd,1
1731,Muren,2
1732,Olgii,1
1733,Ulaangom,1
1734,Ulan Bator,21
1735,Uliastai,1
1736,Podgorica,16
1737,Tivat,11
1738,Agadir,28
1739,Al Hociema,1
1740,Casablanca,125
1741,El Aroui,18
1742,Essadouira,3
1743,Fes,18
1744,Marrakech,73
1745,Ouarzazate,2
1746,Oujda,10
1747,Rabat,11
1748,Tan Tan,1
1749,Tanger,19
1750,Tetouan,1
1751,Beira,7
1752,Chimoio,1
1753,Inhambane,3
1754,Lichinga,2
1755,Maputo,17
1756,Nampula,9
1757,Pemba,8
1758,Quelimane,3
1759,Tete,7
1760,Vilankulu,4
1761,Luderitz,1
1762,Mpacha,2
1763,Ondangwa,1
1764,Oranjemund,1
1765,Rundu,2
1766,Walvis Bay,3
1767,Windhoek,22
1768,Nauru,3
1769,Bhairawa,1
1770,Bharatpur,1
1771,Biratnagar,1
1772,Chandragarhi,1
1773,Dhangarhi,1
1774,Janakpur,1
1775,Kathmandu,44
1776,Nepalgunj,1
1777,Pokhara,1
1778,Tumling Tar,1
1779,Amsterdam,453
1780,Eindhoven,68
1781,Groningen,6
1782,Maastricht,10
1783,Rotterdam,33
1784,Kralendijk,10
1785,Oranjestad,1
1786,Philipsburg,58
1787,Saba,1
1788,Willemstad,31
1789,Kone,1
1790,Koumac,2
1791,Lifou,3
1792,Mare,1
1793,Noumea,21
1794,Ouvea,2
1795,Tiga,2
1796,Touho,1
1797,Waala,2
1798,Île des Pins,1
1799,Auckland,96
1800,Christchurch,34
1801,Dunedin,4
1802,Gisborne,2
1803,Hamilton,4
1804,Hokitika,1
1805,Invercargill,2
1806,Kaitaia,1
1807,Kerikeri,1
1808,NAPIER,3
1809,Nelson,4
1810,New Plymouth,3
1811,Palmerston North,5
1812,Paraparaumu,2
1813,Queenstown International,7
1814,Rotorua,3
1815,Taupo,2
1816,Tauranga,3
1817,Timaru,1
1818,Wanganui,1
1819,Wellington,32
1820,Westport,1
1821,Whakatane,1
1822,Whangarei,2
1823,Woodbourne,3
1824,Managua,15
1825,Niamey,17
1826,Abuja,30
1827,Asaba,2
1828,Benin,2
1829,Calabar,2
1830,Enugu,3
1831,Gombe,1
1832,Ibadan,1
1833,Ilorin,1
1834,Imo,2
1835,Jos,1
1836,Kaduna,1
1837,Kano,7
1838,Lagos,60
1839,Osubi,2
1840,Port Hartcourt,8
1841,Sokoto,1
1842,Uyo,1
1843,Yola,1
1844,Alofi,1
1845,Norfolk Island,3
1846,Pyongyang,5
1847,Rota,2
1848,Saipan,10
1849,Alesund,13
1850,Alta,10
1851,Andoya,3
1852,Bardufoss,1
1853,Batsfjord,5
1854,Bergen,69
1855,Berlevag,4
1856,Bodo,18
1857,Bronnoysund,5
1858,Fagernes,1
1859,Floro,5
1860,Hammerfest,7
1861,Harstad/Narvik,9
1862,Hasvik,2
1863,Haugesund,12
1864,Honningsvag,3
1865,Kirkenes,7
1866,Kristiansand,11
1867,Kristiansund,7
1868,Lakselv,1
1869,Leknes,3
1870,Mehamn,5
1871,Mo i Rana,4
1872,Molde,7
1873,Mosjoen,5
1874,Namsos,3
1875,Narvik,1
1876,Orland,1
1877,Orsta-Volda,4
1878,Oslo,180
1879,Roros,1
1880,Rygge,37
1881,Rørvik,3
1882,Røst,2
1883,Sandane,2
1884,Sandefjord,37
1885,Sandnessjoen,4
1886,Skien,1
1887,Sogndal,4
1888,Sorkjosen,2
1889,Stavanger,54
1890,Stokmarknes,4
1891,Stord,3
1892,Svalbard,3
1893,Svolvær,3
1894,Tromso,26
1895,Trondheim,44
1896,Vadsø,7
1897,Vardø,3
1898,Khasab,1
1899,Muscat,104
1900,Salalah,7
1901,Bahawalpur,5
1902,Chitral,2
1903,Dalbandin,1
1904,Dera Ghazi Khan,2
1905,Dera Ismael Khan,2
1906,Faisalabad,2
1907,Gilgit,1
1908,Gwadar,3
1909,Islamabad,58
1910,Karachi,62
1911,Lahore,56
1912,Moenjodaro,2
1913,Multan,12
1914,Panjgur,1
1915,Peshawar,30
1916,Quetta,14
1917,Rahim Yar Khan,3
1918,Sialkot,11
1919,Skardu,1
1920,Sukkur,6
1921,Turbat,6
1922,Zhob,2
1923,Babelthuap,10
1924,Bocas Del Toro,2
1925,Changuinola,1
1926,David,2
1927,Jaqué,1
1928,Panama,10
1929,Panama City,106
1930,Puerto Obaldia,1
1931,Buka Island,4
1932,Bulolo,1
1933,Daru,4
1934,Girua,5
1935,Goroka,5
1936,Gurney,6
1937,Hoskins,6
1938,Kavieng,4
1939,Kiunga,5
1940,Kundiawa,1
1941,Madang,8
1942,Mendi,1
1943,Misima Island,2
1944,Momote,5
1945,Moro,3
1946,Mount Hagen,10
1947,Nadzab,11
1948,Port Moresby,52
1949,Tabubil,4
1950,Tari,3
1951,Tokua,13
1952,Vanimo,3
1953,Wapenamanda,1
1954,Wewak,6
1955,Asuncion,18
1956,Ciudad del Este,4
1957,Andahuaylas,1
1958,Anta,1
1959,Arequipa,10
1960,Ayacucho,2
1961,Cajamarca,2
1962,Chiclayo,1
1963,Cuzco,11
1964,Huánuco,2
1965,Iquitos,7
1966,Jauja,1
1967,Juliaca,7
1968,Lima,115
1969,Piura,2
1970,Pucallpa,6
1971,Puerto Maldonado,3
1972,Tacna,2
1973,Tarapoto,6
1974,Tingo Maria,1
1975,Trujillo,1
1976,Tumbes,1
1977,Angeles City,13
1978,Bacolod,6
1979,Basco,2
1980,Busuanga,3
1981,Butuan,4
1982,Cagayan de Oro City,7
1983,Calbayog City,1
1984,Camiguin,1
1985,Catarman,2
1986,Caticlan,4
1987,Cauayan,1
1988,Cebu,49
1989,Cotabato,3
1990,Davao,14
1991,Dipolog,4
1992,Dumaguete,4
1993,Iloilo,10
1994,Jolo,1
1995,Kalibo,18
1996,Laoag,2
1997,Legazpi,4
1998,Manila,193
1999,Masbate,1
2000,Naga,2
2001,Ozamis,4
2002,Pagadian,2
2003,Puerto Princesa,9
2004,Romblon,5
2005,Roxas City,3
2006,San Jose,1
2007,Sangley Point,3
2008,Siargao,1
2009,Tacloban,5
2010,Tagbilaran,3
2011,Tuguegarao,3
2012,Virac,1
2013,Zamboanga,6
2014,Bydgoszcz,3
2015,Gdansk,51
2016,Katowice,28
2017,Krakow,57
2018,Lublin,6
2019,Poznan,21
2020,Rzeszow,11
2021,Szczecin,7
2022,Warsaw,146
2023,Wroclaw,33
2024,Corvo,2
2025,Faro,106
2026,Flores,4
2027,Funchal,52
2028,Graciosa Island,1
2029,Horta,6
2030,Lajes (terceira Island),10
2031,Lisbon,214
2032,Pico,4
2033,Ponta Delgada,23
2034,Porto,100
2035,Porto Santo,3
2036,Santa Maria (island),3
2037,Sao Jorge Island,2
2038,Aguadilla,4
2039,Culebra Island,1
2040,Mayaguez,1
2041,Ponce,2
2042,San Juan,102
2043,Vieques Island,6
2044,Doha,189
2045,St.-denis,19
2046,St.-pierre,3
2047,Arad,1
2048,Baia Mare,2
2049,Bucharest,112
2050,Cluj-napoca,21
2051,Constanta,1
2052,Craiova,2
2053,Iasi,12
2054,Oradea,2
2055,Satu Mare,2
2056,Sibiu,5
2057,Timisoara,13
2058,Tirgu Mures,5
2059,Abakan,4
2060,Anadyr,2
2061,Anapa,3
2062,Apatity,1
2063,Arkhangelsk,9
2064,Astrakhan,8
2065,Barnaul,3
2066,Batagay-Alyta,1
2067,Belgorod,11
2068,Beloyarsky,4
2069,Beslan,1
2070,Blagoveschensk,5
2071,Bodaibo,2
2072,Bor,1
2073,Bratsk,4
2074,Bugulma,4
2075,Cheboksary,2
2076,Chelyabinsk,20
2077,Cherepovets,7
2078,Cherskiy,2
2079,Chita,11
2080,Chokurdah,2
2081,Elista,1
2082,Gelendzhik,1
2083,Gorno-Altaysk,1
2084,Honuu,2
2085,Igarka,1
2086,Irkutsk,41
2087,Izhevsk,4
2088,Kaliningrad,15
2089,Kazan,28
2090,Kemorovo,3
2091,Khabarovsk,38
2092,Khanty-Mansiysk,8
2093,Kirensk,1
2094,Kirov,3
2095,Kogalym,1
2096,Krasnodar,46
2097,Krasnoyarsk,45
2098,Kurgan,2
2099,Kursk,1
2100,Kyzyl,1
2101,Lensk,6
2102,Magadan,6
2103,Magnetiogorsk,2
2104,Makhachkala,4
2105,Mineralnye Vody,22
2106,Mirnyj,9
2107,Moscow,609
2108,Murmansk,7
2109,Nadym,8
2110,Naryan-Mar,4
2111,Neryungri,5
2112,Nizhnekamsk,7
2113,Nizhnevartovsk,14
2114,Nizhniy Novgorod,18
2115,Nogliki,1
2116,Norilsk,15
2117,Novokuznetsk,2
2118,Novosibirsk,87
2119,Novy Urengoy,16
2120,Noyabrsk,5
2121,Nyagan,4
2122,Omsk,17
2123,Orenburg,8
2124,Orsk,1
2125,Penza,1
2126,Perm,6
2127,Petropavlovsk,6
2128,Petrozavodsk,1
2129,Pevek,1
2130,Rostov,28
2131,Salekhard,8
2132,Samara,27
2133,Saransk,2
2134,Saratov,5
2135,Shakhtyorsk,1
2136,Sochi,26
2137,Solovetsky Islands,1
2138,Sovetskiy,5
2139,St. Petersburg,184
2140,Stavropol,4
2141,Surgut,14
2142,Syktyvkar,9
2143,Taganrog,1
2144,Tambow,1
2145,Tarko-Sale,1
2146,Tiksi,2
2147,Tomsk,5
2148,Turukhansk,1
2149,Tyumen,22
2150,Ufa,23
2151,Ukhta,4
2152,Ulan-ude,11
2153,Ulyanovsk,2
2154,Uraj,3
2155,Usinsk,2
2156,Ust-Kut,2
2157,Ust-Tsylma,1
2158,Veliky Ustyug,1
2159,Vladivostok,26
2160,Volgograd,10
2161,Vorkuta,2
2162,Voronezh,8
2163,Yakutia,5
2164,Yakutsk,38
2165,Yaroslavl,1
2166,Yekaterinburg,98
2167,Yuzhno-Kurilsk,1
2168,Yuzhno-sakhalinsk,16
2169,Kamembe,1
2170,Kigali,40
2171,Basse Terre,11
2172,Charlestown,8
2173,Castries,11
2174,Hewandorra,19
2175,St.-pierre,3
2176,Kingstown,4
2177,Faleolo,5
2178,Sao Tome,3
2179,Abha,15
2180,Al-Jawf,2
2181,Al-Ula,2
2182,Al-ahsa,3
2183,Arar,2
2184,Bisha,3
2185,Dammam,82
2186,El-baha,3
2187,Gassim,12
2188,Gizan,6
2189,Guriat,2
2190,Hafr Al-batin,2
2191,Hail,5
2192,Jeddah,194
2193,Madinah,39
2194,Nejran,3
2195,Rafha,1
2196,Riyadh,137
2197,Sharurah,2
2198,Tabuk,9
2199,Taif,13
2200,Turaif,1
2201,Wadi-al-dawasir,2
2202,Wejh,1
2203,Yenbo,9
2204,Cap Skiring,1
2205,Dakar,67
2206,Ziguinchor,2
2207,Belgrade,86
2208,Pristina,21
2209,Mahe,13
2210,Praslin,1
2211,Freetown,22
2212,Singapore,408
2213,Bratislava,20
2214,Kosice,6
2215,Ljubljana,33
2216,Atoifi,1
2217,Choiseul Bay,1
2218,Fera Island,2
2219,Gizo,4
2220,Honiara,25
2221,Kagau Island,2
2222,Kirakira,3
2223,Marau,1
2224,Munda,4
2225,Ramata,2
2226,Rennell Island,2
2227,Santa Ana,2
2228,Santa Cruz/Graciosa Bay/Luova,1
2229,Sege,4
2230,Suavanao,1
2231,Ulawa,2
2232,Berbera,7
2233,Bosaso,4
2234,Galcaio,4
2235,Hargeisa,7
2236,Mogadishu,10
2237,Bloemfontein,4
2238,Cape Town,44
2239,Durban,21
2240,East London,5
2241,George,5
2242,Hoedspruit,2
2243,Johannesburg,163
2244,Kimberley,2
2245,Margate,1
2246,Mpumalanga,4
2247,Phalaborwa,1
2248,Pietermaritzburg,1
2249,Plettenberg Bay,2
2250,Port Elizabeth,9
2251,Potgietersrus,1
2252,Richard's Bay,1
2253,Umtata,1
2254,Upington,2
2255,Busan,80
2256,Cheju,59
2257,Chongju,9
2258,Kunsan,2
2259,Kwangju,4
2260,Muan,6
2261,Pohang,3
2262,Sacheon,3
2263,Seoul,409
2264,Sokcho / Gangneung,1
2265,Taegu,6
2266,Ulsan,3
2267,Wonju,1
2268,Yeosu,3
2269,Juba,12
2270,Alicante,157
2271,Almeria,18
2272,Arrecife,116
2273,Aviles,17
2274,Badajoz,2
2275,Barcelona,391
2276,Bilbao,65
2277,Burgos,1
2278,Fuerteventura,97
2279,Gerona,49
2280,Gran Canaria,154
2281,Granada,9
2282,Hierro,3
2283,Ibiza,99
2284,Jerez,22
2285,La Coruna,12
2286,La Gomera,1
2287,Leon,1
2288,Lleida,1
2289,Logroño-Agoncillo,1
2290,Madrid,330
2291,Malaga,206
2292,Melilla,5
2293,Menorca,34
2294,Murcia,20
2295,Palma de Mallorca,271
2296,Pamplona,2
2297,Reus,19
2298,Salamanca,1
2299,San Sebastian,3
2300,Santa Cruz De La Palma,8
2301,Santander,19
2302,Santiago,36
2303,Sevilla,65
2304,Tenerife,191
2305,Valencia,82
2306,Valladolid,4
2307,Vigo,11
2308,Zaragoza,8
2309,Batticaloa,1
2310,Colombo,101
2311,Koggala,2
2312,Mattala,7
2313,Sigiriya,3
2314,Trinciomalee,1
2315,El Fasher,2
2316,Geneina,2
2317,Khartoum,41
2318,Nyala,2
2319,Port Sudan,5
2320,Zandery,10
2321,Manzini,1
2322,Arvidsjaur,2
2323,Borlange,2
2324,Gallivare,6
2325,Gothenborg,73
2326,Hagfors,2
2327,Halmstad,6
2328,Hemavan,2
2329,Joenkoeping,2
2330,Kalkmar,3
2331,Karlstad,2
2332,Kiruna,3
2333,Kramfors,4
2334,Kristianstad,1
2335,Linkoeping,2
2336,Lulea,6
2337,Lycksele,4
2338,Malmoe,16
2339,Mora,2
2340,Norrkoeping,2
2341,Orebro,2
2342,Ornskoldsvik,1
2343,Pajala,2
2344,Ronneby,3
2345,Skelleftea,3
2346,Stockholm,276
2347,Sundsvall,5
2348,Sveg,2
2349,Torsby,2
2350,Trollhattan,1
2351,Umea,8
2352,Vasteras,3
2353,Vaxjo,7
2354,Vilhelmina,4
2355,Visby,8
2356,Ängelholm,3
2357,Östersund,3
2358,Altenrhein,2
2359,Bern,12
2360,Geneva,166
2361,Lugano,2
2362,Zurich,247
2363,Fengnin,1
2364,Hualien,4
2365,Kaohsiung,65
2366,Kinmen,5
2367,Makung,5
2368,Taichung,29
2369,Tainan,1
2370,Taipei,304
2371,Dushanbe,52
2372,Khudzhand,33
2373,Kulyab,7
2374,Kurgan Tyube,4
2375,Arusha,1
2376,Bukoba,1
2377,Dar Es Salaam,35
2378,Kilimanjaro,20
2379,Mbeya,1
2380,Mtwara,1
2381,Mwanza,6
2382,Zanzibar,11
2383,Bangkok,393
2384,Buri Ram,1
2385,Chiang Mai,48
2386,Chiang Rai,11
2387,Chumphon,1
2388,Hat Yai,6
2389,Khon Kaen,2
2390,Ko Samui,18
2391,Krabi,16
2392,Lampang,1
2393,Loei,1
2394,Mae Hong Son,1
2395,Nakhon Phanom,2
2396,Nakhon Si Thammarat,2
2397,Nan,2
2398,Narathiwat,1
2399,Pai,1
2400,Pattaya,2
2401,Phitsanulok,3
2402,Phrae,1
2403,Phuket,71
2404,Ranong,1
2405,Roi Et,1
2406,Sakon Nakhon,1
2407,Sukhothai,1
2408,Surat Thani,4
2409,Tak,1
2410,Trang,2
2411,Trat,1
2412,Ubon Ratchathani,3
2413,Udon Thani,6
2414,Lome,20
2415,Tongatapu,5
2416,Port-of-spain,35
2417,Scarborough,4
2418,Djerba,37
2419,Enfidha,45
2420,Gabes,2
2421,Gafsa,2
2422,Monastir,15
2423,Sfax,10
2424,Tozeur,2
2425,Tunis,87
2426,Adana,17
2427,Adiyaman,2
2428,Agri,2
2429,Alanya,6
2430,Ankara,52
2431,Antalya,127
2432,Balikesir Korfez,1
2433,Batman,3
2434,Bingol,2
2435,Bodrum,31
2436,Canakkale,1
2437,Dalaman,57
2438,Denizli,2
2439,Diyabakir,7
2440,Elazig,6
2441,Erzincan,3
2442,Erzurum,5
2443,Eskissehir,1
2444,Gaziantep,9
2445,Hatay,9
2446,Igdir,2
2447,Isparta,1
2448,Istanbul,503
2449,Izmir,66
2450,Kahramanmaras,3
2451,Kars,3
2452,Kastamonu,1
2453,Kayseri,7
2454,Konya,3
2455,Kutahya,1
2456,Malatya,4
2457,Mardin,5
2458,Merzifon,2
2459,Mus,3
2460,Nevsehir,2
2461,Sanliurfa,5
2462,Sinop,1
2463,Sivas,4
2464,Topel,1
2465,Trabzon,10
2466,Van,5
2467,Zonguldak,2
2468,Çorlu,1
2469,Ashkhabad,15
2470,Cockburn Town,4
2471,Providenciales,31
2472,Salt Cay,1
2473,South Caicos,2
2474,Funafuti,1
2475,Arua,1
2476,Entebbe,34
2477,Kasese,1
2478,Dnepropetrovsk,14
2479,Donetsk,15
2480,Ivano-Frankivsk,2
2481,Kharkov,10
2482,Kiev,124
2483,Lvov,17
2484,Odessa,18
2485,Sevastopol,2
2486,Simferopol,7
2487,Uzhgorod,1
2488,Vinnitsa,1
2489,Zaporozhye,2
2490,Abu Dhabi,245
2491,Al Ain,2
2492,Dubai,404
2493,Fujeirah,1
2494,Sharjah,97
2495,Sir Bani Yas Island,2
2496,Aberdeen,41
2497,Angelsey,1
2498,Barra,1
2499,Belfast,57
2500,Benbecula,2
2501,Birmingham,133
2502,Blackpool,9
2503,Bournemouth,19
2504,Bristol,100
2505,Campbeltown,1
2506,Cardiff,32
2507,"Doncaster, Sheffield",9
2508,Dundee,1
2509,East Midlands,95
2510,Eday,1
2511,Edinburgh,119
2512,Exeter,25
2513,Glasgow,100
2514,Golouchestershire,1
2515,Hawarden,2
2516,Humberside,5
2517,Inverness,11
2518,Islay,1
2519,Kirkwall,11
2520,Land's End,1
2521,Leeds,80
2522,Liverpool,58
2523,London,1226
2524,Londonderry,5
2525,Manchester,316
2526,Newcastle,84
2527,Newquai,6
2528,North Ronaldsay,4
2529,Norwich,10
2530,Papa Westray,3
2531,Prestwick,21
2532,ST MARY\'S,3
2533,Sanday,2
2534,Southampton,33
2535,Southend,14
2536,Stornoway,5
2537,Stronsay,2
2538,Sumburgh,5
2539,Teesside,3
2540,Tiree,1
2541,Westray,2
2542,Wick,2
2543,Aberdeen,1
2544,Abilene,2
2545,Adak Island,1
2546,Akhiok,1
2547,Akiak,3
2548,Akron,22
2549,Akutan,1
2550,Alakanuk,2
2551,Alamosa,6
2552,Albany,35
2553,Albuquerque,42
2554,Alexandria,6
2555,Allakaket,3
2556,Allentown,13
2557,Alliance,3
2558,Alpena,2
2559,Altoona,2
2560,Amarillo,10
2561,Ambler,4
2562,Anaktuvuk Pass,3
2563,Anchorage,59
2564,Angoon,1
2565,Aniak,12
2566,Anvik,3
2567,Appleton,9
2568,Arcata CA,3
2569,Arctic Village,1
2570,Asheville,12
2571,Aspen,2
2572,Athens,1
2573,Atka,1
2574,Atlanta,915
2575,Atlantic City,10
2576,Atqasuk,2
2577,Augusta,1
2578,Austin,83
2579,BRISTOL,7
2580,Bakersfield,6
2581,Baltimore,142
2582,Bangor,8
2583,Bar Harbor,1
2584,Barnstable,2
2585,Barrow,7
2586,Barter Island,2
2587,Baton Rouge,8
2588,Beaumont,2
2589,Beaver,2
2590,Beckley,2
2591,Belleville,1
2592,Bellingham,10
2593,Bemidji,1
2594,Bentonville,24
2595,Bethel,29
2596,Bettles,5
2597,Billings,12
2598,Binghamton,4
2599,Birmingham,36
2600,Bismarck,6
2601,Bloomington,12
2602,Boise,21
2603,Boston,211
2604,Bozeman,8
2605,Bradford,2
2606,Brainerd,2
2607,Branson,4
2608,Brevig Mission,4
2609,Brownsville,3
2610,Brunswick,3
2611,Buckland,4
2612,Buffalo,36
2613,Burbank,18
2614,Burlington,15
2615,Bush Field,7
2616,Butte,1
2617,Cape Girardeau,1
2618,Cape Lisburne,1
2619,Carlsbad,2
2620,Casper,3
2621,Cedar City,1
2622,Cedar Rapids,17
2623,Central,1
2624,Chadron,3
2625,Chalkyitsik,2
2626,Champaign,4
2627,Charleston,40
2628,Charlotte,301
2629,Charlottesville VA,13
2630,Chattanooga,16
2631,Chefornak,3
2632,Chevak,2
2633,Cheyenne,6
2634,Chicago,697
2635,Chico,1
2636,Chuathbaluk,1
2637,Cincinnati,78
2638,Circle,1
2639,Clarksburg,3
2640,Cleveland,81
2641,Cody,2
2642,Cold Bay,5
2643,College Station,3
2644,Colorado Springs,13
2645,Columbia,21
2646,Columbus,68
2647,Columbus Mississippi,3
2648,Cordova,3
2649,Corpus Christi,5
2650,Cortez,1
2651,Crescent City,2
2652,Dallas,39
2653,Dallas-Fort Worth,469
2654,Dayton,32
2655,Daytona Beach,5
2656,Deadhorse,5
2657,Decatur,2
2658,Deering,4
2659,Denver,361
2660,Des Moines,29
2661,Detroit,216
2662,Dickinson,2
2663,Dillingham,3
2664,Dodge City,6
2665,Dothan,3
2666,Du Bois,2
2667,Dubuque IA,2
2668,Duluth,4
2669,Durango,5
2670,Eastsound,1
2671,Eau Claire,1
2672,Eek,3
2673,Egegik,1
2674,El Dorado,2
2675,El Paso,24
2676,Elfin Cove,1
2677,Elim,5
2678,Elko,1
2679,Elmira,6
2680,Emmonak,4
2681,Erie,4
2682,Escanaba,1
2683,Eugene,14
2684,Evansville,9
2685,Fairbanks,27
2686,False Pass,1
2687,Fargo,14
2688,Farmington,9
2689,Fayetteville,8
2690,Flagstaff,2
2691,Flint,14
2692,Florence,2
2693,Fort Lauderdale,186
2694,Fort Leonardwood,1
2695,Fort Myers,63
2696,Fort Smith,5
2697,Fort Wayne,16
2698,Fort Yukon,6
2699,Franklin,2
2700,Fresno,20
2701,Friday Harbor,1
2702,Gainesville,12
2703,Galena,7
2704,Gambell,4
2705,Garden City,2
2706,Gillette,3
2707,Glasgow,1
2708,Glendive,1
2709,Golovin,4
2710,Grand Canyon,1
2711,Grand Forks,5
2712,Grand Island,4
2713,Grand Junction,8
2714,Grand Rapids,28
2715,Great Falls,7
2716,Green Bay,8
2717,Greensboro,25
2718,Greenville,32
2719,Gulfport,9
2720,Gunnison,1
2721,Gustavus,3
2722,Gwinn,3
2723,Hagerstown,2
2724,Haines,4
2725,Hana,1
2726,Hancock,1
2727,Harlingen,7
2728,Harrisburg,20
2729,Harrison,2
2730,Hattiesburg/Laurel,1
2731,Havre,1
2732,Hayden,1
2733,Helena,5
2734,Hibbing,1
2735,Hilo,4
2736,Hilton Head Island,4
2737,Hobbs,1
2738,Holy Cross,3
2739,Homer,2
2740,Honolulu,118
2741,Hoonah,3
2742,Hooper Bay,2
2743,Hot Springs,2
2744,Houston,321
2745,Hughes,2
2746,Huntington,5
2747,Huntsville,18
2748,Huron,3
2749,Huslia,5
2750,Hydaburg,1
2751,Idaho Falls,4
2752,Igiugig,1
2753,Iliamna,1
2754,Imperial,2
2755,Indianapolis,69
2756,International Falls,2
2757,Iron Mountain,2
2758,Islip,17
2759,Ithaca,4
2760,Jacksn Hole,2
2761,Jackson,20
2762,Jacksonville,46
2763,Jacksonville NC,7
2764,Jamestown,2
2765,Johnstown,2
2766,Jonesboro,1
2767,Joplin,2
2768,Juneau,20
2769,Kahului,42
2770,Kalamazoo,6
2771,Kalispell,5
2772,Kalskag,4
2773,Kaltag,3
2774,Kamuela,1
2775,Kansas City,82
2776,Kasigluk,2
2777,Kenai,3
2778,Ketchikan,22
2779,Key West,16
2780,Kiana,4
2781,Killeen,6
2782,King Cove,1
2783,King Salmon,7
2784,Kipnuk,3
2785,Kirksville,1
2786,Kivalina,3
2787,Klamath Falls,2
2788,Klawock,3
2789,Knoxville,31
2790,Kobuk,4
2791,Kodiak,11
2792,Kona,20
2793,Kongiganak,3
2794,Kotlik,3
2795,Kotzebue,22
2796,Koyuk,5
2797,Koyukuk,2
2798,Kwethluk,3
2799,Kwigillingok,4
2800,La Crosse,3
2801,Lafayette,6
2802,Lahania-kapalua,2
2803,Lake Charles,3
2804,Lake Minchumina,1
2805,Lanai,4
2806,Lancaster,1
2807,Lansing,8
2808,Laramie,1
2809,Laredo,4
2810,Larsen Bay,1
2811,Las Vegas,246
2812,Latrobe,3
2813,Lawton,2
2814,Lebanon,2
2815,Lewisburg,2
2816,Lewiston,4
2817,Lexington KY,20
2818,Liberal,6
2819,Lihue,21
2820,Lincoln,3
2821,Little Rock,29
2822,Long Beach,18
2823,Longview,2
2824,Lopez,1
2825,Los Alamos,1
2826,Los Angeles,492
2827,Louisville,41
2828,Lubbock,10
2829,Lynchburg,2
2830,MONTGOMERY,7
2831,Macon,2
2832,Madison,17
2833,Mammoth Lakes,2
2834,Manchester NH,20
2835,Manhattan,4
2836,Manistee,1
2837,Manley Hot Springs,1
2838,Marion,1
2839,Marshall,2
2840,Massena,1
2841,McCook,1
2842,Mcallen,6
2843,Mcgrath,6
2844,Medford,9
2845,Mekoryuk,1
2846,Melbourne,5
2847,Memphis,58
2848,Merced,1
2849,Meridian,1
2850,Mesa,32
2851,Metakatla,3
2852,Miami,368
2853,Midland,8
2854,Milwaukee,65
2855,Minneapolis,218
2856,Minot,5
2857,Missoula,7
2858,Moab,1
2859,Mobile,9
2860,Modesto,1
2861,Moline,15
2862,Molokai,3
2863,Monroe,6
2864,Monterey,10
2865,Montrose CO,1
2866,Morgantown,2
2867,Morristown,2
2868,Mountain Village,2
2869,Muscle Shoals,1
2870,Muskegon,1
2871,Myrtle Beach,34
2872,Nantucket,6
2873,Napakiak,1
2874,Napaskiak,1
2875,Naples,1
2876,Nashville,82
2877,Nelson Lagoon,1
2878,New Bedford,3
2879,New Bern,5
2880,New Haven,2
2881,New Orleans,123
2882,New York,614
2883,Newark,253
2884,Newburgh,6
2885,Newport News,9
2886,Niagara Falls,5
2887,Nightmute,3
2888,Nikolai,1
2889,Nikolski,1
2890,Noatak,3
2891,Nome,25
2892,Noorvik,4
2893,Norfolk,36
2894,North Bend,2
2895,North Platte,1
2896,Nuiqsut,2
2897,Nulato,3
2898,Oakland,54
2899,Ogden,1
2900,Ogdensburg,1
2901,Oklahoma City,40
2902,Omaha,34
2903,Ontario,24
2904,Orlando,233
2905,Owensboro,2
2906,PADUCAH,1
2907,PARKERSBURG,1
2908,Page,6
2909,Palm Springs,26
2910,Panama City,7
2911,Pasco,8
2912,Pellston,1
2913,Pendleton,1
2914,Pensacola,21
2915,Peoria,15
2916,Perryville,1
2917,Petersburg,2
2918,Philadelphia,289
2919,Phoenix,251
2920,Pierre,8
2921,Pilot Point,1
2922,Pittsburgh,74
2923,Plattsburgh,7
2924,Pocatello,1
2925,Point Barrow,3
2926,Point Lay,2
2927,Port Angeles,1
2928,Port Heiden,1
2929,Port Moller,1
2930,Portland,115
2931,Portsmouth,1
2932,Prescott,1
2933,Presque Isle,2
2934,Providence,27
2935,Provincetown,1
2936,Provo,3
2937,Pueblo,1
2938,Pullman,2
2939,Punta Gorda,18
2940,Quincy,1
2941,Quinhagak,4
2942,Raleigh-durham,83
2943,Rapid City,8
2944,Redding,1
2945,Redmond-Bend,8
2946,Reno,27
2947,Rhinelander,2
2948,Richmond,38
2949,Riverton WY,1
2950,Roanoke VA,15
2951,Rochester,34
2952,Rock Springs,3
2953,Rockford,5
2954,Rockland,1
2955,Roswell,2
2956,Ruby,4
2957,Russian Mission,4
2958,Rutland,1
2959,Sacramento,55
2960,Saginaw,5
2961,Saint Cloud,2
2962,Saint George,2
2963,Salina,1
2964,Salisbury,4
2965,Salt Lake City,141
2966,San Angelo,2
2967,San Antonio,68
2968,San Diego,119
2969,San Francisco,249
2970,San Jose,60
2971,San Luis Obispo,4
2972,Sand Point,2
2973,Sanford,49
2974,Santa Ana,42
2975,Santa Barbara,8
2976,Santa Fe,6
2977,Santa Maria,2
2978,Santa Rosa,6
2979,Saranac Lake,1
2980,Sarasota,13
2981,Sault Ste Marie,1
2982,Savannah,23
2983,Savoonga,4
2984,Scammon Bay,1
2985,Scottsbluff,1
2986,Scranton,9
2987,Seattle,203
2988,Selawik,2
2989,Shageluk,3
2990,Shaktoolik,6
2991,Sheridan,1
2992,Shishmaref,3
2993,Show Low,6
2994,Shreveport,8
2995,Shungnak,2
2996,Sidney,1
2997,Sioux City,2
2998,Sioux Falls,13
2999,Sitka,3
3000,Skagway,3
3001,Sleetmute,2
3002,South Bend,11
3003,South Naknek,1
3004,Spokane,15
3005,Springfield,14
3006,St Mary's,5
3007,St. Augustine Airport,1
3008,St. Louis,114
3009,St. Michael,4
3010,St. Paul Island,3
3011,St. Petersburg,31
3012,State College Pennsylvania,5
3013,Stockton,1
3014,Syracuse,26
3015,Tallahassee,15
3016,Tampa,138
3017,Tatalina,1
3018,Teller,3
3019,Teterboro,1
3020,Texarkana,2
3021,Thief River Falls,1
3022,Tin City,1
3023,Togiak Village,1
3024,Tok,1
3025,Toksook Bay,3
3026,Toledo,5
3027,Topeka,1
3028,Traverse City,5
3029,Trenton,14
3030,Tucson,31
3031,Tulsa,27
3032,Tupelo,2
3033,Twin Falls,1
3034,Tyler,3
3035,Unalakleet,8
3036,Unalaska,3
3037,Vail,1
3038,Valdez,2
3039,Valdosta,3
3040,Valparaiso,10
3041,Venetie,2
3042,Vernal,1
3043,Victoria,1
3044,Vineyard Haven MA,4
3045,Visalia,1
3046,Waco,2
3047,Wainwright,2
3048,Wales,4
3049,Walla Walla,1
3050,Washington,392
3051,Wassau,5
3052,Waterloo,2
3053,Watertown,7
3054,Wenatchee,1
3055,West Palm Beach,44
3056,Weyers Cave,1
3057,White Mountain,4
3058,White Plains,23
3059,Wichita,20
3060,Wichita Falls,2
3061,Williamsport,2
3062,Williston,2
3063,Wilmington,19
3064,Windsor Locks,51
3065,Wolf Point,1
3066,Worcester,2
3067,Worland,3
3068,Wrangell,2
3069,Yakima,1
3070,Yakutat,2
3071,Youngstown,4
3072,Yuma,3
3073,Montevideo,23
3074,Punta del Este,3
3075,Andizhan,3
3076,Bukhara,6
3077,Fergana,7
3078,Khanabad,5
3079,Namangan,12
3080,Navoi,6
3081,Nukus,4
3082,Samarkand,8
3083,Tashkent,81
3084,Termez,2
3085,Urgench,7
3086,Ablow,3
3087,Ambryn Island,3
3088,Anelghowhat,1
3089,Aniwa,2
3090,Craig Cove,3
3091,Dillon's Bay,2
3092,Futuna Island,2
3093,Gaua Island,3
3094,Ipota,3
3095,Lamap,2
3096,Lamen Bay,2
3097,Loh/Linua,3
3098,Longana,2
3099,Lonorore,3
3100,Maewo Island,1
3101,Malekula Island,2
3102,Norsup,5
3103,Paama Island,2
3104,Pentecost Island,1
3105,Port-vila,28
3106,Sangafa,1
3107,Santo,11
3108,Sola,3
3109,Tanna,5
3110,Tongoa Island,1
3111,Valesdir,1
3112,Walaha,1
3113,Barcelona,11
3114,Barinas,2
3115,Barquisimeto,5
3116,Canaima,1
3117,Caracas,90
3118,Coro,1
3119,Cumana,1
3120,El Vigía,3
3121,Guayana,11
3122,La Fria,1
3123,Maracaibo,14
3124,Maturin,4
3125,Merida,2
3126,Paraguana,4
3127,Porlamar,20
3128,Puerto Ayacucho,1
3129,Puerto Cabello,2
3130,San Antonio,1
3131,San Tome,1
3132,Santa Ana De Uairen,1
3133,Santo Domingo,4
3134,Valencia,10
3135,Valera,2
3136,Buonmethuot,7
3137,Ca Mau,1
3138,Can Tho,3
3139,Chu Lai,2
3140,Conson,2
3141,Dalat,5
3142,Danang,33
3143,Dienbienphu,1
3144,Dong Hoi,2
3145,Haiphong,4
3146,Hanoi,87
3147,Ho Chi Minh City,109
3148,Hue,4
3149,Nha Trang,7
3150,Phucat,3
3151,Phuquoc,5
3152,Pleiku,3
3153,Rach Gia,1
3154,Tuy Hoa,2
3155,Vinh,7
3156,Charlotte Amalie,1
3157,St. Croix Island,9
3158,St. Thomas,34
3159,Futuna Island,1
3160,Wallis,3
3161,Dakhla,3
3162,El Aaiún,4
3163,Aden,23
3164,Al Ghaidah Intl,1
3165,Ataq,1
3166,Hodeidah,5
3167,Mukalla,12
3168,Sanaa,37
3169,Sayun Intl,5
3170,Socotra,2
3171,Taiz,7
3172,Chipata,1
3173,Kasama,1
3174,Livingstone,7
3175,Lusaka,34
3176,Mansa,1
3177,Mfuwe,1
3178,Ndola,10
3179,Bulawayo,4
3180,Harare,26
3181,Victoria Falls,7
